pattern,Pearson correlations,Bivariate Moran I,max_agreement,max_agreement_expected,threhsold1_max_agreement,threhsold2_max_agreement,threhsold1_max_agreement_area_coverage,threhsold2_max_agreement_area_coverage,lift_maxima,AUC_Agreement,AUC_Agreement_expected,CVT_correlation_maxima,CVT_correlation_maxima_t1,CVT_correlation_maxima_t2,CVT_correlation_value_coverage_maxima,CVT_correlation_AUC,ranks_corr,ranks_moran,ranks_maxima,ranks_AUC,ranks_maxima_corr,ranks_AUC_corr
population_density_on_land_2010_household_density_on_land_2010,0.988860872,0.622950108,1,0.000840542,267,111,0.028992106,0.028992106,1189.708215,0.382028231,0.01614731,0.988748861,34,21.3,0.498229804,0.988451161,190,190,190,190,190,190
PctEmpMining_covid_cases_density,0.05891578,0.034488712,0.174075338,0.094436815,2,0.224519137,0.196376065,0.480897786,1.843299553,0.043105583,0.012972512,0.732260609,6,0.310303987,0.010299324,0.366450794,130,121,11,51,189,184
covid_death_density_population_density_on_land_2010,-0.131303138,-0.106491459,0.390918669,0.249523488,0.002874389,10.1,0.499689882,0.499356694,1.566660807,0.037318578,0.024347538,0.692561855,0.005094216,289.8,0.010299324,0.04029367,49,38,107,39,188,116
PctEmpInformation_household_density_on_land_2010,0.19608776,0.123710901,0.370192988,0.218674477,1,4.3,0.437867185,0.499408232,1.69289527,0.097207577,0.020975913,0.678799956,3,97,0.014161571,0.472710557,164,151,94,134,187,188
PctEmpTrade_covid_cases_density,0.123423236,0.024227435,0.400655891,0.252158359,12,0.222850507,0.50500422,0.499319309,1.58890585,0.106791059,0.040192055,0.678121429,17,0.284221208,0.010943032,0.409110134,147,116,112,151,186,185
PctEmpInformation_population_density_on_land_2010,0.202712493,0.140034265,0.347504584,0.21865191,1,10.1,0.437867185,0.499356694,1.589305048,0.096800494,0.019628994,0.66743496,3,274,0.014161571,0.465851861,165,160,76,132,185,187
bachelor_degree_density_2014_2018_medianHouseHoldIncome,0.719251591,0.464703596,0.540590209,0.258801842,16,44500,0.517705507,0.499901659,2.088819013,0.183474819,0.03047205,0.663768483,16,51276,0.296749276,0.572802104,189,189,180,188,184,189
PctEmpFIRE_PctEmpMining,-0.160802255,-0.125800051,0.141726111,0.118428667,3,2,0.603070783,0.196376065,1.196721325,0.015108167,0.013444448,0.605699073,4,12,0.012552301,0.269378945,37,30,8,9,183,180
covid_death_density_household_density_on_land_2010,-0.120152703,-0.098566274,0.371372005,0.249549241,0.002874389,4.3,0.499689882,0.499408232,1.488171249,0.039967138,0.026018238,0.591969532,0.005126418,78.2,0.011908593,0.054879724,53,43,95,42,182,125
PctEmpServices_bachelor_degree_density_2014_2018,0.588769859,0.231969806,0.42110093,0.256973266,39,16,0.496369581,0.517705507,1.638695485,0.172042996,0.025560402,0.587530177,39,16,0.468619247,0.421470567,188,180,124,186,181,186
avg_temp_for_county_PctEmpAgriculture,-0.273816822,-0.256577184,0.210776409,0.240119142,50,2,0.494890161,0.48519684,0.877799276,0.022726303,0.028148125,0.583917772,61,3,0.012230447,0.074388677,16,9,21,19,180,135
PctEmpConstruction_population_density_on_land_2010,-0.108243723,-0.054309319,0.425291587,0.360506425,5,10.1,0.721941708,0.499356694,1.179705984,0.041554383,0.029853309,0.582335632,8,221,0.010943032,0.081568141,57,61,128,44,179,138
PctEmpTrade_PctEmpMining,-0.120808943,-0.09773269,0.120337749,0.099170741,12,2,0.50500422,0.196376065,1.213440051,0.025153394,0.012436694,0.571681118,13,17,0.010299324,0.320989814,52,44,5,23,178,183
PctEmpFIRE_covid_cases_density,-0.005915096,-0.048748171,0.438446421,0.301124887,3,0.222850507,0.603070783,0.499319309,1.456028514,0.0945305,0.043448844,0.561573658,6,0.286492361,0.011264886,0.148751774,102,64,143,131,177,161
covid_cases_density_household_density_on_land_2010,-0.14304034,-0.117846167,0.434985363,0.249364174,0.222850507,4.3,0.499319309,0.499408232,1.744377938,0.07311923,0.026896215,0.561113361,0.308926554,102,0.010621178,0.020651463,45,33,139,94,176,96
PctEmpAgriculture_medianHouseHoldIncome,-0.172281205,-0.103534009,0.345466179,0.242550706,2,44500,0.48519684,0.499901659,1.424304983,0.042730516,0.027398742,0.554971924,9,68166,0.01158674,-0.017067975,36,41,75,48,175,64
medianHouseHoldIncome_covid_death_density,-0.521928695,-0.366193527,0.217113893,0.249795801,44500,0.002874389,0.499901659,0.499689882,0.869165502,0.029144447,0.044398221,0.541427567,48846,0.003145906,0.010299324,0.019888964,3,3,25,29,174,95
PctEmpFIRE_PctEmpTrade,0.121717135,0.051069289,0.511128465,0.30455329,3,12,0.603070783,0.50500422,1.678289091,0.108682351,0.04165423,0.525156137,6,15,0.011264886,0.081838915,146,129,173,152,173,139
avg_temp_for_county_povertyRate,0.414712941,0.41140247,0.518783608,0.267000339,50,12,0.494890161,0.53951434,1.943007304,0.128405308,0.033625641,0.522864748,68,27,0.017380109,0.039230688,183,188,176,168,172,115
avg_precipitation_for_county_PctEmpServices,0.091986141,0.07495028,0.339616221,0.205340958,3,39,0.413685622,0.496369581,1.653913686,0.082883969,0.04329659,0.516945791,5,49,0.01577084,0.073206164,139,137,71,112,171,134
covid_cases_density_population_density_on_land_2010,-0.152017068,-0.122177819,0.436484717,0.24933844,0.222850507,10.1,0.499319309,0.499356694,1.750571302,0.073557669,0.025169138,0.515633707,0.308926554,41.8,0.010621178,0.025773786,42,32,141,96,170,99
PctEmpGovt_covid_death_density,0.053807396,0.050610276,0.399089837,0.267520557,4,0.002874389,0.535373171,0.499689882,1.491809983,0.08711028,0.024862844,0.511081461,12,0.003464261,0.010299324,0.08931736,128,128,111,118,169,141
PctEmpInformation_covid_cases_density,-0.07339302,-0.064681234,0.317409075,0.21863554,1,0.222850507,0.437867185,0.499319309,1.451772546,0.064690305,0.03269558,0.51068376,2,0.308926554,0.014805278,0.12868879,68,56,56,87,168,153
PctEmpGovt_household_density_on_land_2010,-0.024660009,-0.021642831,0.285280214,0.267369769,4,4.3,0.535373171,0.499408232,1.066987547,0.018480381,0.016489061,0.504532019,7,153,0.018023817,0.142858482,90,86,46,16,167,159
PctEmpServices_covid_cases_density,-0.058944949,-0.09360995,0.366186147,0.247846916,39,0.222850507,0.496369581,0.499319309,1.477469045,0.118693743,0.038498592,0.500321116,53,0.264616011,0.012230447,0.119279376,73,46,89,160,166,151
PctEmpInformation_medianHouseHoldIncome,0.30884798,0.223962294,0.452332363,0.218890532,1,44500,0.437867185,0.499901659,2.066477513,0.123168065,0.035793862,0.4980439,1,64177,0.090119086,0.256620142,178,179,157,163,165,178
UnempRate2018_PctEmpServices,0.097238552,0.136298887,0.426205036,0.185418986,4,39,0.373550261,0.496369581,2.298605148,0.142759919,0.035561515,0.495024333,6,49,0.011908593,0.032596141,141,157,130,173,164,109
PctEmpServices_covid_death_density,-0.257031436,-0.160618028,0.337941438,0.248030857,39,0.002874389,0.496369581,0.499689882,1.362497562,0.089403747,0.037241878,0.493060873,48,0.005286265,0.010943032,0.058914604,18,19,68,122,163,127
avg_temp_for_county_PctEmpServices,0.044673338,0.038488394,0.36915244,0.245648422,50,39,0.494890161,0.496369581,1.502767399,0.085506121,0.043299534,0.489554197,67,49,0.042484712,0.038325938,126,123,93,114,162,113
PctEmpInformation_PctEmpFIRE,0.264066943,0.15562375,0.440206502,0.264064906,1,3,0.437867185,0.603070783,1.66703902,0.111498581,0.033885036,0.48146546,3,6,0.012552301,0.197328056,174,167,145,154,161,170
PctEmpFIRE_bachelor_degree_density_2014_2018,0.526225293,0.271232296,0.497370378,0.312213066,3,16,0.603070783,0.517705507,1.59304793,0.166233723,0.028847027,0.481066644,3,37,0.472803347,0.277098333,186,181,170,183,160,181
PctEmpAgriculture_povertyRate,0.005966325,-0.017144726,0.348331756,0.261770653,2,12,0.48519684,0.53951434,1.330675353,0.047036267,0.01784777,0.477763918,7,27,0.015448986,0.089372037,106,89,78,60,159,142
UnempRate2018_PctEmpFIRE,-0.220972792,-0.139644754,0.297601989,0.225277248,4,3,0.373550261,0.603070783,1.321047692,0.063311604,0.040134111,0.476183012,6,4,0.011908593,-0.002242449,24,27,51,84,158,72
PctEmpGovt_PctEmpServices,0.006295267,0.086238475,0.428204997,0.265742956,4,39,0.535373171,0.496369581,1.611350315,0.078278801,0.023602044,0.467757149,7,51,0.020920502,0.129633077,107,141,132,105,157,154
PctEmpFIRE_medianHouseHoldIncome,0.492366407,0.311773057,0.476391932,0.301476085,3,44500,0.603070783,0.499901659,1.580198083,0.169358948,0.047566123,0.461553032,3,61124,0.45059543,0.282665841,185,183,162,184,156,182
PctEmpTrans_PctEmpGovt,0.007293546,0.015218078,0.437902787,0.321038229,4,4,0.599653188,0.535373171,1.364020692,0.048791021,0.020822811,0.46063492,7,15,0.012552301,0.176199744,109,112,142,63,155,167
PctEmpMining_avg_temp_for_county,0.09855863,0.100398133,0.183706232,0.069417428,2,55,0.196376065,0.353492306,2.646399294,0.045849729,0.01459024,0.459989265,3,66,0.020920502,0.021185807,142,146,13,59,154,97
PctEmpGovt_bachelor_degree_density_2014_2018,-0.103319848,-0.02415265,0.367403339,0.277165639,4,16,0.535373171,0.517705507,1.325573185,0.033834311,0.017064239,0.459307411,5,39,0.017701963,0.161189713,62,81,91,32,153,165
PctEmpGovt_povertyRate,0.276901431,0.203220038,0.485837734,0.288841503,4,12,0.535373171,0.53951434,1.682021899,0.104551956,0.018328924,0.453494269,10,26,0.012874155,0.152838129,176,176,166,145,152,164
PctEmpInformation_bachelor_degree_density_2014_2018,0.369502857,0.212323027,0.445723068,0.226686253,1,16,0.437867185,0.517705507,1.966255394,0.116777875,0.021707603,0.45295987,1,25,0.219826199,0.25040479,181,178,153,157,151,177
avg_precipitation_for_county_povertyRate,0.185810895,0.184345084,0.35418252,0.223189325,3,12,0.413685622,0.53951434,1.586915142,0.105411454,0.033623355,0.451560229,3,26,0.039909881,0.152340926,159,174,81,148,150,163
PctEmpGovt_medianHouseHoldIncome,-0.11527334,-0.07143736,0.302636575,0.267633937,4,44500,0.535373171,0.499901659,1.130785499,0.05299689,0.028137377,0.441262797,5,69318,0.030576118,0.172887343,55,52,53,72,149,166
PctEmpConstruction_household_density_on_land_2010,-0.104325134,-0.048538526,0.4315218,0.360543632,5,4.3,0.721941708,0.499408232,1.196864296,0.045828189,0.031901809,0.439483183,8,75,0.012874155,0.055527315,61,65,136,58,148,126
avg_precipitation_for_county_avg_temp_for_county,0.325187525,0.327817113,0.451151109,0.204728944,3,50,0.413685622,0.494890161,2.203650837,0.182569147,0.053028159,0.432591253,3,68,0.015448986,-0.063616414,180,184,156,187,147,43
bachelor_degree_density_2014_2018_covid_cases_density,-0.201728611,-0.161528954,0.332490929,0.258500357,16,0.222850507,0.517705507,0.499319309,1.286230061,0.06497732,0.027834419,0.418242203,36,0.227399467,0.010943032,0.107804692,29,18,60,89,146,148
avg_temp_for_county_covid_cases_density,0.114509782,0.099237071,0.434714167,0.241296774,50,0.223591378,0.494890161,0.487576423,1.801574711,0.124797609,0.047151738,0.417032166,68,0.250821648,0.024782749,0.071525609,145,144,137,164,145,132
PctEmpMining_medianHouseHoldIncome,-0.045289836,-0.061968819,0.246419513,0.000633754,17,67525,0.018227469,0.034769153,388.8253906,0.118729021,0.014201807,0.40018231,6,53596,0.038300612,0.210769938,79,58,35,161,144,173
povertyRate_covid_cases_density,0.188891912,0.140422442,0.374232083,0.269389928,12,0.222850507,0.53951434,0.499319309,1.389183648,0.126661311,0.029897316,0.398779553,28,0.304980167,0.012874155,0.216270734,162,162,98,165,143,175
PctEmpFIRE_PctEmpManufacturing,-0.182298953,-0.065758727,0.441230716,0.29655692,3,6,0.603070783,0.491744798,1.487844949,0.055325043,0.032734117,0.3964304,6,22,0.010621178,-0.161468732,34,55,148,74,142,4
UnempRate2018_PctEmpTrade,0.009367117,0.028473066,0.320104003,0.188644458,4,12,0.373550261,0.50500422,1.696864072,0.093042322,0.037125783,0.392855028,6,17,0.010621178,0.087247027,110,118,57,128,141,140
PctEmpFIRE_povertyRate,-0.352904859,-0.2266242,0.372854273,0.325365335,3,12,0.603070783,0.53951434,1.145955739,0.037141683,0.030984972,0.389099917,4,28,0.010299324,-0.02833027,10,14,97,37,140,59
avg_temp_for_county_household_density_on_land_2010,0.024413615,0.015827088,0.49195143,0.227757775,50,6.6,0.494890161,0.460218838,2.159976453,0.105437362,0.03025029,0.387853343,66,118.7,0.061152237,0.044430052,119,113,167,149,139,121
PctEmpGovt_PctEmpMining,0.040636093,0.073696098,0.215636223,0.105134476,4,2,0.535373171,0.196376065,2.051051478,0.057451692,0.007952961,0.381630055,6,14,0.012230447,0.069673048,124,135,24,75,138,131
PctEmpTrade_PctEmpServices,-0.022297337,0.026766256,0.434934283,0.250668733,12,39,0.50500422,0.496369581,1.735095867,0.093891264,0.036908443,0.379761464,16,43,0.016092694,-0.029634337,92,117,138,130,137,58
UnempRate2018_povertyRate,0.557541311,0.398853639,0.536415183,0.171133792,4,13,0.373550261,0.458127887,3.134478459,0.19829131,0.027616435,0.375442963,4,21,0.139040875,0.211665698,187,187,178,189,136,174
PctEmpServices_medianHouseHoldIncome,0.219044833,0.16790899,0.336614141,0.248135977,39,44500,0.496369581,0.499901659,1.356571285,0.117279796,0.042146777,0.365793399,39,70829,0.066623753,0.188790597,169,173,67,158,135,168
PctEmpFIRE_household_density_on_land_2010,0.220638848,0.138417994,0.512961497,0.301178514,3,4.3,0.603070783,0.499408232,1.703180917,0.15986086,0.027874691,0.364679876,7,86,0.046346958,0.260940142,170,159,174,179,134,179
avg_temp_for_county_population_density_on_land_2010,0.026512477,0.017414446,0.514726383,0.247126715,50,10.1,0.494890161,0.499356694,2.082843951,0.10405458,0.028307839,0.359138211,66,316,0.06308336,0.018818879,120,114,175,142,133,94
PctEmpConstruction_bachelor_degree_density_2014_2018,-0.15714205,0.001432585,0.501545514,0.373753198,5,16,0.721941708,0.517705507,1.341916314,0.07818326,0.03301462,0.357555598,8,35,0.011908593,0.095002232,40,107,171,104,132,144
avg_temp_for_county_PctEmpManufacturing,0.016042117,0.013892815,0.392559756,0.243359662,50,6,0.494890161,0.491744798,1.613084731,0.076828687,0.035523856,0.35615093,66,15,0.012552301,-0.130054537,114,111,109,103,131,16
PctEmpFIRE_avg_temp_for_county,-0.009475004,-0.016173277,0.428752606,0.298453797,3,50,0.603070783,0.494890161,1.4365795,0.092430033,0.048867104,0.355535853,5,65,0.030576118,0.092249656,101,91,133,126,130,143
PctEmpGovt_population_density_on_land_2010,-0.026942545,-0.023220378,0.274639731,0.267342177,4,10.1,0.535373171,0.499356694,1.02729668,0.018307521,0.015430255,0.349222162,7,393,0.017058256,0.1175089,86,83,40,15,129,150
PctEmpMining_covid_death_density,0.104224013,0.104649521,0.209009755,0.053973344,2,0.003739146,0.196376065,0.274846857,3.87246258,0.048922149,0.012549048,0.345719329,11,0.003411346,0.012552301,-0.092896925,143,147,19,64,128,24
PctEmpAgriculture_covid_death_density,0.060582033,0.03560333,0.342321269,0.242447952,2,0.002874389,0.48519684,0.499689882,1.411937142,0.073579128,0.024210169,0.345509425,12,0.006290116,0.01158674,0.065039043,131,122,73,97,127,130
PctEmpAgriculture_bachelor_degree_density_2014_2018,-0.185284959,-0.063685958,0.426119609,0.251189076,2,16,0.48519684,0.517705507,1.696409793,0.037003177,0.016616285,0.345403183,12,31,0.012552301,-0.030447446,30,57,129,36,126,57
povertyRate_population_density_on_land_2010,-0.018976869,-0.043463907,0.401355733,0.269410097,12,10.1,0.53951434,0.499356694,1.489757573,0.027174425,0.017949039,0.336208733,24,168,0.010943032,0.028162575,93,68,113,25,125,105
PctEmpInformation_PctEmpTrade,0.00093433,0.012827284,0.442612011,0.221124776,1,12,0.437867185,0.50500422,2.001639158,0.080855697,0.031345119,0.332763754,2,15,0.020920502,0.043588548,105,110,151,109,124,119
PctEmpFIRE_population_density_on_land_2010,0.228857404,0.158500139,0.50821175,0.301147433,3,10.1,0.603070783,0.499356694,1.687584537,0.157778732,0.026084784,0.328478044,7,261,0.042484712,0.245929551,171,169,172,178,123,176
PctEmpGovt_avg_temp_for_county,0.157731948,0.158282617,0.37536302,0.264950915,4,50,0.535373171,0.494890161,1.416726641,0.064576251,0.028906963,0.328422322,11,68,0.016092694,0.037062717,152,168,99,86,122,112
PctEmpGovt_covid_cases_density,0.000393451,-0.042025159,0.357560058,0.267322162,4,0.222850507,0.535373171,0.499319309,1.337562344,0.089601515,0.025701832,0.327886539,8,0.324444444,0.012230447,0.196234503,104,69,84,123,121,169
PctEmpMining_PctEmpServices,-0.21614566,-0.112421422,0.122360851,0.097475105,2,39,0.196376065,0.496369581,1.255303614,0.013716369,0.011912683,0.324962054,3,55,0.010621178,-0.091530415,26,36,6,8,120,26
UnempRate2018_avg_temp_for_county,0.20966539,0.209413844,0.33550902,0.184866349,4,50,0.373550261,0.494890161,1.81487341,0.103848298,0.043554508,0.306789819,6,65,0.010621178,0.128675024,166,177,64,141,119,152
PctEmpTrans_population_density_on_land_2010,-0.030659041,-0.006547356,0.407995946,0.299440833,4,10.1,0.599653188,0.499356694,1.362526084,0.036625833,0.020391239,0.30641966,8,126,0.011264886,0.025795626,85,100,118,35,118,100
povertyRate_household_density_on_land_2010,-0.015930947,-0.03367932,0.404327288,0.269437903,12,4.3,0.53951434,0.499408232,1.500632553,0.027724453,0.019180682,0.300331021,24,99.3,0.010621178,0.017103359,98,74,114,26,117,91
PctEmpTrans_PctEmpMining,0.169215417,0.127964125,0.243772482,0.117757533,4,2,0.599653188,0.196376065,2.070122189,0.079715298,0.010509918,0.294558351,7,11,0.017058256,0.144802516,155,153,34,107,116,160
PctEmpConstruction_PctEmpGovt,0.020961,0.05291623,0.492902307,0.386508221,5,4,0.721941708,0.535373171,1.275269915,0.057899101,0.030485143,0.294114318,9,12,0.030576118,0.076515462,116,130,169,76,115,137
PctEmpTrans_medianHouseHoldIncome,-0.123773827,-0.095756211,0.411167891,0.299767624,4,44500,0.599653188,0.499901659,1.371622078,0.097314373,0.03718383,0.293937295,6,65504,0.01577084,0.000961095,51,45,119,136,114,76
PctEmpConstruction_PctEmpMining,0.062164784,0.076391977,0.21165473,0.141772071,5,2,0.721941708,0.196376065,1.492922607,0.048124775,0.015386797,0.287948263,8,15,0.010943032,0.012309204,133,139,22,62,113,86
PctEmpTrade_avg_temp_for_county,0.081055884,0.074788037,0.379893284,0.24992162,12,50,0.50500422,0.494890161,1.520049701,0.102173988,0.045204179,0.284216401,13,68,0.024139041,0.036107919,137,136,100,140,112,111
UnempRate2018_PctEmpMining,0.021865987,0.019705051,0.145437924,0.07335633,4,2,0.373550261,0.196376065,1.98262269,0.026592042,0.011982832,0.282973872,5,6,0.010299324,-0.001344995,118,115,9,24,111,74
medianHouseHoldIncome_covid_cases_density,-0.150047235,-0.139777574,0.363858646,0.249610551,44500,0.222850507,0.499901659,0.499319309,1.45770539,0.106737128,0.045896424,0.274974733,66813,0.291992188,0.010621178,0.005200865,43,26,88,150,110,81
PctEmpTrans_household_density_on_land_2010,-0.036095917,-0.003686306,0.404551198,0.299471739,4,4.3,0.599653188,0.499408232,1.350882723,0.036047309,0.021790462,0.270410183,8,64,0.010621178,0.026863532,83,103,115,33,109,102
PctEmpServices_population_density_on_land_2010,0.186957654,0.123878733,0.429843976,0.247865473,39,10.1,0.496369581,0.499356694,1.734182542,0.104165024,0.023112869,0.269615637,40,230.8,0.091406501,0.152299249,160,152,135,144,108,162
bachelor_degree_density_2014_2018_covid_death_density,-0.529288746,-0.327644216,0.230234036,0.258692204,16,0.002874389,0.517705507,0.499689882,0.88999217,0.021632758,0.026925816,0.266913885,17,0.006880734,0.011908593,-0.131418419,2,5,27,18,107,14
bachelor_degree_density_2014_2018_population_density_on_land_2010,0.230702323,0.158901303,0.293253669,0.258519711,16,10.1,0.517705507,0.499356694,1.134357097,0.134805778,0.016710566,0.266699937,37,362,0.037013196,0.202018784,172,170,49,170,106,171
PctEmpTrans_avg_temp_for_county,0.131674485,0.131091005,0.428944364,0.296762463,4,50,0.599653188,0.494890161,1.445413143,0.080287931,0.038200845,0.265701405,9,64,0.012552301,0.047908371,148,155,134,108,105,122
avg_precipitation_for_county_PctEmpGovt,-0.1354172,-0.125502595,0.233937806,0.221476183,3,4,0.413685622,0.535373171,1.056266199,0.030284463,0.028904998,0.265183651,4,10,0.013196009,0.014811414,48,31,30,30,104,90
PctEmpFIRE_covid_death_density,-0.234205183,-0.153428529,0.381758009,0.298777054,3,0.002903109,0.603070783,0.495426179,1.277735369,0.064218597,0.042030539,0.26247734,5,0.005472455,0.010943032,0.004305898,23,21,101,85,103,80
PctEmpTrade_povertyRate,-0.041960992,0.008941272,0.35624556,0.272457019,12,12,0.50500422,0.53951434,1.30752939,0.052342037,0.028662435,0.259044711,16,21,0.012230447,0.108192235,80,108,82,70,102,149
PctEmpInformation_povertyRate,-0.215747152,-0.159729665,0.290943875,0.236235625,1,12,0.437867185,0.53951434,1.2315834,0.0311051,0.023316422,0.258673524,2,22,0.01158674,0.096410815,27,20,48,31,101,145
bachelor_degree_density_2014_2018_household_density_on_land_2010,0.218920457,0.138364182,0.302958543,0.258095853,16,4.6,0.517705507,0.498537971,1.173821815,0.13582905,0.017857226,0.257062256,37,142,0.037656904,0.203501116,168,158,54,171,100,172
PctEmpFIRE_PctEmpTrans,-0.137809387,-0.049278655,0.442528359,0.361633317,3,4,0.603070783,0.599653188,1.223693553,0.052670561,0.035200879,0.256290599,5,7,0.010943032,-0.003072201,47,63,150,71,99,71
PctEmpMining_povertyRate,0.074111566,0.090761824,0.175619149,0.105947703,2,12,0.196376065,0.53951434,1.657602233,0.024745559,0.009251176,0.253307809,7,19,0.013839717,-0.073861866,135,142,12,22,98,39
avg_temp_for_county_bachelor_degree_density_2014_2018,-0.21761756,-0.221078381,0.187229527,0.256207362,50,16,0.494890161,0.517705507,0.730773406,0.039846084,0.031305492,0.252118148,67,38,0.01995494,-0.111500712,25,15,14,41,97,18
PctEmpConstruction_avg_temp_for_county,0.06271479,0.072811921,0.414934387,0.357281848,5,50,0.721941708,0.494890161,1.161364309,0.105362279,0.055927042,0.251337833,10,70,0.03733505,0.017321621,134,133,120,146,96,92
PctEmpTrans_bachelor_degree_density_2014_2018,-0.322964021,-0.132257592,0.387730292,0.310443758,4,16,0.599653188,0.517705507,1.248955026,0.037251737,0.022550565,0.250624729,6,39,0.014805278,-0.009704121,13,28,106,38,95,69
PctEmpServices_household_density_on_land_2010,0.172820171,0.11427932,0.441157469,0.247891055,39,4.3,0.496369581,0.499408232,1.779642549,0.109195305,0.024698847,0.247108221,39,118.7,0.092372063,0.142533489,156,149,147,153,94,158
povertyRate_covid_death_density,0.435504721,0.331785318,0.554722855,0.269589857,12,0.002874389,0.53951434,0.499689882,2.057654769,0.161820256,0.028921374,0.245119942,12,0.005971183,0.483102671,0.051499494,184,185,182,181,93,124
avg_precipitation_for_county_covid_cases_density,0.138943472,0.140124887,0.347711843,0.206561219,3,0.222850507,0.413685622,0.499319309,1.683335549,0.11572068,0.047148532,0.244047186,3,0.225609459,0.482458964,0.072392537,150,161,77,156,92,133
PctEmpInformation_PctEmpAgriculture,-0.099509354,-0.033326555,0.281395094,0.212451775,1,2,0.437867185,0.48519684,1.324512799,0.043029389,0.019518247,0.241649844,2,19,0.010943032,0.133497585,63,76,45,50,91,156
PctEmpAgriculture_population_density_on_land_2010,-0.098280601,-0.076473128,0.207074123,0.24228629,2,10.1,0.48519684,0.499356694,0.854667107,0.006751191,0.015025194,0.237267104,4,25.8,0.023173479,-0.00076905,64,51,18,5,90,75
covid_cases_density_covid_death_density,0.291001027,0.16773269,0.450104151,0.249504807,0.222850507,0.002874389,0.499319309,0.499689882,1.803989898,0.157092154,0.040555153,0.235518216,0.271217525,0.003798427,0.017380109,0.132072934,177,172,154,177,89,155
PctEmpAgriculture_household_density_on_land_2010,-0.089580556,-0.069370135,0.214295782,0.242311296,2,4.3,0.48519684,0.499408232,0.884382136,0.006176132,0.016056206,0.228819474,5,4.3,0.018023817,-0.046237487,65,54,23,4,88,51
PctEmpManufacturing_bachelor_degree_density_2014_2018,-0.298559631,-0.144716775,0.335423461,0.25457899,6,16,0.491744798,0.517705507,1.317561439,0.02807516,0.020970296,0.226631554,12,34,0.012552301,-0.151785458,14,24,63,28,87,6
UnempRate2018_covid_cases_density,0.108375776,0.08461469,0.310129857,0.186520858,4,0.222850507,0.373550261,0.499319309,1.662708717,0.147323356,0.038725295,0.22225859,6,0.222850507,0.061474091,0.139737529,144,140,55,174,86,157
PctEmpTrade_medianHouseHoldIncome,-0.00303766,-0.023701514,0.425157799,0.252452448,12,44500,0.50500422,0.499901659,1.684110424,0.113861631,0.044000715,0.217952877,17,45064,0.033472803,-0.08044244,103,82,127,155,85,37
PctEmpTrans_covid_cases_density,0.039422978,0.072137056,0.444169751,0.299418416,4,0.222850507,0.599653188,0.499319309,1.483441657,0.086545981,0.033965233,0.215493423,9,0.253674411,0.012874155,0.009940715,123,132,152,116,84,84
PctEmpConstruction_covid_cases_density,-0.118247154,-0.030082967,0.440365489,0.360479435,5,0.222850507,0.721941708,0.499319309,1.221610573,0.082444349,0.049725994,0.214139841,8,0.290317888,0.018023817,0.003752168,54,77,146,111,83,79
PctEmpAgriculture_PctEmpManufacturing,-0.250033401,-0.232068201,0.299668219,0.238593022,2,6,0.48519684,0.491744798,1.255980647,0.022879367,0.018855302,0.212168166,9,13,0.012230447,-0.141701555,19,13,52,20,82,9
PctEmpServices_povertyRate,0.017036481,-0.03334282,0.424356259,0.267798507,39,12,0.496369581,0.53951434,1.584610251,0.097279661,0.027454764,0.210715813,50,20,0.080141616,0.005288972,115,75,126,135,81,82
PctEmpConstruction_covid_death_density,0.006700848,-0.005277229,0.419677401,0.360746967,5,0.002874389,0.721941708,0.499689882,1.163356701,0.086879762,0.048102782,0.209588732,8,0.005263158,0.013517863,-0.011911269,108,102,123,117,80,67
PctEmpInformation_PctEmpServices,0.188220277,0.111138313,0.455515803,0.217343951,1,39,0.437867185,0.496369581,2.095829218,0.097175253,0.030024415,0.204741239,3,49,0.011264886,0.074548409,161,148,158,133,79,136
PctEmpFIRE_PctEmpGovt,-0.130475344,-0.057999933,0.386844449,0.322867917,3,4,0.603070783,0.535373171,1.198150787,0.044501643,0.026636858,0.204598231,4,12,0.017058256,0.001591682,50,60,105,56,78,77
povertyRate_bachelor_degree_density_2014_2018,-0.485059532,-0.339589387,0.252305199,0.279309545,12,16,0.53951434,0.517705507,0.903317496,0.017791912,0.019849749,0.202691598,12,30,0.057611844,-0.051044722,5,4,36,13,77,48
PctEmpTrans_PctEmpServices,-0.334706722,-0.110493862,0.384456909,0.297649601,4,39,0.599653188,0.496369581,1.291642613,0.050287484,0.031190341,0.202262181,6,45,0.022207918,-0.056644613,12,37,104,68,76,47
PctEmpTrans_povertyRate,0.061890425,0.099413799,0.438833946,0.323521494,4,12,0.599653188,0.53951434,1.356429031,0.049727551,0.024221859,0.201477737,9,12,0.010621178,0.035668353,132,145,144,67,75,110
PctEmpInformation_avg_temp_for_county,-0.108068822,-0.106241427,0.2408645,0.216696162,1,50,0.437867185,0.494890161,1.111530996,0.043300428,0.036772861,0.200888715,1,70,0.019633087,-0.085871377,58,39,32,52,74,29
PctEmpTrade_covid_death_density,0.014544289,-0.006401104,0.334897144,0.252345499,12,0.002874389,0.50500422,0.499689882,1.327137378,0.07650404,0.03888006,0.19778135,15,0.005567452,0.010943032,0.040569892,113,101,62,101,73,117
PctEmpTrade_PctEmpGovt,-0.184982816,-0.081171632,0.333843648,0.270365711,12,4,0.50500422,0.535373171,1.234785456,0.043499207,0.024640242,0.194836504,15,10,0.049565497,-0.048029396,32,49,61,53,72,49
PctEmpConstruction_medianHouseHoldIncome,-0.01867026,-0.017099231,0.481386571,0.360899858,5,44500,0.721941708,0.499901659,1.333850821,0.104158386,0.054438105,0.193809576,11,50387,0.016092694,0.017660957,95,90,164,143,71,93
PctEmpGovt_PctEmpManufacturing,-0.359599358,-0.289033907,0.25802657,0.263266972,4,6,0.535373171,0.491744798,0.980094722,0.015576909,0.019363617,0.191702492,8,14,0.019633087,-0.082198316,8,6,37,11,70,36
PctEmpInformation_PctEmpConstruction,-0.048894904,-0.007248698,0.45047645,0.316114583,1,5,0.437867185,0.721941708,1.425041659,0.074805916,0.038780481,0.190673398,3,5,0.017701963,0.063895941,77,98,155,98,69,129
PctEmpFIRE_PctEmpServices,0.268432714,0.134676701,0.476502229,0.299345992,3,39,0.603070783,0.496369581,1.591810955,0.1347502,0.03989916,0.190221119,7,49,0.017058256,-0.020255926,175,156,163,169,68,61
PctEmpConstruction_povertyRate,-0.080123662,-0.007442724,0.461370793,0.389497904,5,12,0.721941708,0.53951434,1.184527022,0.05831114,0.035461438,0.188857908,8,21,0.016092694,-0.039761785,66,97,159,78,67,53
PctEmpManufacturing_medianHouseHoldIncome,-0.106069232,-0.070071781,0.38380505,0.245824041,6,44500,0.491744798,0.499901659,1.5612999,0.074827233,0.03457811,0.184670634,22,55282,0.047956228,-0.119308845,60,53,102,99,66,17
PctEmpTrade_household_density_on_land_2010,-0.041539757,-0.020823888,0.560820984,0.252203265,12,4.3,0.50500422,0.499408232,2.223686452,0.100854939,0.025785291,0.183156989,16,77,0.014805278,-0.058921721,81,87,183,138,65,45
UnempRate2018_covid_death_density,0.238471455,0.146699732,0.384398027,0.186659286,4,0.002874389,0.373550261,0.499689882,2.059356572,0.160199341,0.037461181,0.183089306,4,0.006046297,0.047634374,0.044393605,173,164,103,180,64,120
povertyRate_medianHouseHoldIncome,-0.766341712,-0.49370998,0.195152248,0.269704114,12,44500,0.53951434,0.499901659,0.723579055,0.011883921,0.032730431,0.180625649,14,50802,0.010621178,-0.098454965,1,1,17,7,63,23
PctEmpInformation_PctEmpGovt,-0.061389611,-0.020631023,0.331820304,0.234422343,1,4,0.437867185,0.535373171,1.415480705,0.04074189,0.020044434,0.176753179,2,11,0.010299324,0.006270833,72,88,58,43,62,83
PctEmpInformation_PctEmpManufacturing,-0.156473236,-0.083326175,0.350335706,0.215318911,1,6,0.437867185,0.491744798,1.627054984,0.041758069,0.024632668,0.176010204,2,21,0.012874155,-0.027526488,41,48,79,45,61,60
medianHouseHoldIncome_population_density_on_land_2010,0.158001007,0.153695865,0.362942438,0.24962924,44500,10.1,0.499901659,0.499356694,1.453925981,0.151177543,0.027554203,0.172691206,44662,322,0.495654973,0.107575657,153,166,87,176,60,147
PctEmpTrans_covid_death_density,0.193649578,0.12354639,0.482105371,0.299640631,4,0.002874389,0.599653188,0.499689882,1.608945254,0.08740338,0.032856502,0.172501848,4,0.005047162,0.05889926,0.039131516,163,150,165,119,59,114
UnempRate2018_PctEmpAgriculture,-0.159365525,-0.169762323,0.241757301,0.181245406,4,2,0.373550261,0.48519684,1.333867195,0.070998789,0.0231178,0.171668055,4,19,0.137109752,-0.010988088,38,17,33,92,58,68
avg_precipitation_for_county_PctEmpManufacturing,0.400168123,0.39378999,0.628366573,0.186736312,3,7,0.413685622,0.45139667,3.364994016,0.171852346,0.035521441,0.165765097,4,12,0.129707113,0.030027912,182,186,185,185,57,106
UnempRate2018_PctEmpConstruction,0.009927174,-0.01526813,0.336508184,0.269681513,4,5,0.373550261,0.721941708,1.247798489,0.079200865,0.045932373,0.164939502,4,9,0.091728355,0.027161565,111,93,66,106,56,104
PctEmpConstruction_PctEmpAgriculture,-0.016607757,-0.025887337,0.435132391,0.350283835,5,2,0.721941708,0.48519684,1.242228009,0.06188328,0.029684876,0.161638412,10,7,0.011264886,0.031198998,96,80,140,83,55,107
PctEmpManufacturing_covid_cases_density,0.183107015,0.14262336,0.424067874,0.245537673,6,0.222850507,0.491744798,0.499319309,1.727099016,0.09376465,0.031585062,0.161446357,7,0.285225328,0.48213711,0.01254717,158,163,125,129,54,87
UnempRate2018_PctEmpGovt,0.217073568,0.150331219,0.404603699,0.199988788,4,4,0.373550261,0.535373171,2.023131918,0.119477456,0.023741027,0.160973255,5,13,0.0746701,0.027031229,167,165,116,162,53,103
PctEmpTrans_PctEmpAgriculture,0.047984411,0.033894099,0.393661461,0.290949832,4,2,0.599653188,0.48519684,1.353021787,0.060288422,0.020276191,0.155586916,6,9,0.051496621,-0.018642453,127,120,110,79,52,63
medianHouseHoldIncome_household_density_on_land_2010,0.144571737,0.129924262,0.36827447,0.249219959,44500,4.6,0.499901659,0.498537971,1.477708572,0.149804786,0.029444941,0.154788661,46851,32,0.483102671,0.100735473,151,154,92,175,51,146
avg_temp_for_county_covid_death_density,0.310930983,0.308142309,0.53852364,0.247291606,50,0.002874389,0.494890161,0.499689882,2.177686692,0.162730732,0.045612558,0.153491292,50,0.002935501,0.489861603,0.002251261,179,182,179,182,50,78
PctEmpInformation_PctEmpTrans,-0.07290211,-0.022589558,0.357398285,0.262568453,1,4,0.437867185,0.599653188,1.361162322,0.065070293,0.026488924,0.152980507,1,4,0.352429997,0.063013337,71,85,83,90,49,128
PctEmpFIRE_PctEmpAgriculture,-0.240859611,-0.104739825,0.33922166,0.292608038,3,2,0.603070783,0.48519684,1.15930397,0.041946912,0.025937612,0.150784192,5,14,0.017380109,-0.019739536,21,40,70,46,48,62
PctEmpTrans_PctEmpTrade,-0.014998343,-0.002601665,0.418930645,0.30282739,4,12,0.599653188,0.50500422,1.383397468,0.081331165,0.032562331,0.149826085,4,15,0.065658191,0.023143183,99,105,121,110,47,98
PctEmpManufacturing_povertyRate,-0.035899312,-0.037696369,0.366972808,0.26530337,6,12,0.491744798,0.53951434,1.383219549,0.044373479,0.022524471,0.148774838,10,26,0.018667525,-0.05785127,84,72,90,55,46,46
UnempRate2018_PctEmpManufacturing,-0.018723168,-0.029255697,0.296514746,0.183691398,4,6,0.373550261,0.491744798,1.614200501,0.047825246,0.029175422,0.140607904,6,11,0.03154168,-0.067594977,94,79,50,61,45,41
UnempRate2018_PctEmpInformation,-0.140305149,-0.077602857,0.288510272,0.163565401,4,1,0.373550261,0.437867185,1.763883257,0.061576162,0.030201218,0.138400809,4,3,0.133247506,0.012608004,46,50,47,82,44,88
PctEmpConstruction_PctEmpTrade,-0.057896045,-0.00691546,0.492713982,0.364583609,5,12,0.721941708,0.50500422,1.351443042,0.087861571,0.047672108,0.135556927,10,13,0.012552301,-0.002144582,74,99,168,120,43,73
PctEmpManufacturing_population_density_on_land_2010,-0.078864825,-0.04836127,0.638424961,0.245556057,6,10.1,0.491744798,0.499356694,2.599915348,0.08372163,0.018962288,0.133540266,21,94,0.012230447,-0.154492545,67,66,187,113,42,5
avg_precipitation_for_county_PctEmpConstruction,-0.025195894,-0.052268818,0.343995763,0.298656904,3,5,0.413685622,0.721941708,1.151809179,0.090066154,0.055923239,0.130874089,3,7,0.129063405,0.050155275,89,62,74,125,41,123
PctEmpTrans_PctEmpConstruction,0.081005082,-0.010784856,0.545492985,0.432914646,4,5,0.599653188,0.721941708,1.260047424,0.086017229,0.040286426,0.128860218,6,9,0.020920502,0.031956685,136,95,181,115,40,108
avg_precipitation_for_county_covid_death_density,0.087038862,0.092420878,0.357975557,0.20671452,3,0.002874389,0.413685622,0.499689882,1.731738812,0.127441198,0.045609457,0.124930367,5,0.005385061,0.016736402,0.011949293,138,143,85,167,39,85
PctEmpTrade_PctEmpManufacturing,0.0215903,0.07323924,0.462977138,0.248333198,12,6,0.50500422,0.491744798,1.864338483,0.076727476,0.03028047,0.121222439,15,17,0.013839717,-0.083573461,117,134,160,102,38,33
PctEmpInformation_covid_death_density,-0.202848263,-0.143293253,0.263271314,0.218797802,1,0.002874389,0.437867185,0.499689882,1.203263063,0.045363893,0.031628294,0.112989004,2,0.003224428,0.072738977,0.013018297,28,25,38,57,37,89
PctEmpAgriculture_covid_cases_density,-0.182573047,-0.058391931,0.277955225,0.242268151,2,0.222850507,0.48519684,0.499319309,1.147304025,0.042349716,0.025027132,0.111878517,8,0.317729931,0.014161571,-0.084694141,33,59,42,47,36,30
UnempRate2018_household_density_on_land_2010,-0.023647892,-0.010622464,0.340518007,0.186228989,4,4.6,0.373550261,0.498537971,1.828490874,0.049576168,0.024844289,0.106770628,6,21,0.017701963,-0.03103871,91,96,72,66,35,56
avg_precipitation_for_county_PctEmpInformation,-0.016415854,-0.01608137,0.281001744,0.181139359,3,1,0.413685622,0.437867185,1.551301419,0.060485956,0.036770361,0.106560805,4,3,0.094303186,0.026693749,97,92,44,81,34,101
avg_precipitation_for_county_PctEmpTrans,-0.010784949,-0.001881324,0.335953056,0.248067902,3,4,0.413685622,0.599653188,1.35427862,0.060319018,0.038198248,0.106428658,5,4,0.060830383,0.043543824,100,106,65,80,33,118
UnempRate2018_PctEmpTrans,0.092289714,0.039200944,0.338841835,0.224000604,4,4,0.373550261,0.599653188,1.512682683,0.073423661,0.031374009,0.101931017,5,6,0.083038301,-0.015377665,140,124,69,95,32,65
PctEmpMining_population_density_on_land_2010,-0.049683668,-0.04024044,0.094358278,0.098061702,2,10.1,0.196376065,0.499356694,0.962233737,0.003970652,0.007788128,0.098224423,3,386,0.011264886,-0.063450064,76,70,4,3,31,44
PctEmpManufacturing_household_density_on_land_2010,-0.073291094,-0.044168731,0.638276769,0.245581401,6,4.3,0.491744798,0.499408232,2.599043607,0.0891359,0.020263458,0.096485024,21,108,0.045381397,-0.151238119,69,67,186,121,30,7
avg_precipitation_for_county_bachelor_degree_density_2014_2018,-0.107401753,-0.115373039,0.237710727,0.214167325,3,16,0.413685622,0.517705507,1.109929944,0.054570512,0.031303363,0.096248919,5,27,0.017058256,-0.083306855,59,35,31,73,29,34
PctEmpMining_PctEmpManufacturing,-0.292851117,-0.270415216,0.078971871,0.096566908,2,6,0.196376065,0.491744798,0.817794344,0.003305291,0.009773418,0.095993997,3,18,0.016736402,-0.167643012,15,8,2,1,28,3
PctEmpTrade_population_density_on_land_2010,-0.040955469,-0.023205875,0.535189648,0.252177238,12,10.1,0.50500422,0.499356694,2.122275795,0.097512721,0.02412955,0.092624705,17,26.9,0.022207918,-0.065974429,82,84,177,137,27,42
PctEmpGovt_PctEmpAgriculture,0.011876307,0.012668842,0.362043575,0.259761371,4,2,0.535373171,0.48519684,1.39375448,0.064944843,0.015343197,0.090908856,6,20,0.137431606,-0.084109114,112,109,86,88,26,31
UnempRate2018_medianHouseHoldIncome,-0.421447511,-0.280304191,0.188689921,0.162591553,4,46377,0.373550261,0.435260178,1.160514911,0.04273595,0.042394963,0.089604519,5,60521,0.016092694,-0.083787364,6,7,15,49,25,32
UnempRate2018_population_density_on_land_2010,-0.025292395,-0.014890762,0.332029429,0.186534823,4,10.1,0.373550261,0.499356694,1.779986296,0.049251879,0.023248972,0.087792897,4,393,0.033794657,-0.04704039,88,94,59,65,24,50
UnempRate2018_bachelor_degree_density_2014_2018,-0.343464459,-0.191809023,0.226354568,0.193389027,4,16,0.373550261,0.517705507,1.170462311,0.036535862,0.025710917,0.086101128,5,25,0.030576118,-0.138475782,11,16,26,34,23,10
avg_temp_for_county_medianHouseHoldIncome,-0.238240024,-0.242463189,0.231033807,0.247396413,50,44500,0.494890161,0.499901659,0.933860779,0.057944781,0.051619908,0.085432382,66,51391,0.020920502,-0.135459379,22,10,28,77,22,12
PctEmpServices_PctEmpManufacturing,-0.357314675,-0.149139459,0.352474036,0.244087159,39,6,0.496369581,0.491744798,1.44404989,0.02795901,0.029004625,0.083600782,44,6,0.013196009,-0.254541758,9,22,80,27,21,1
UnempRate2018_avg_precipitation_for_county,0.182573449,0.190345676,0.272003634,0.154532372,4,3,0.373550261,0.413685622,1.760172517,0.105382942,0.043551547,0.081360719,4,3,0.387833923,-0.007479632,157,175,39,147,20,70
PctEmpConstruction_PctEmpServices,-0.173411787,0.030314606,0.475280941,0.358349903,5,39,0.721941708,0.496369581,1.32630409,0.090031708,0.045663478,0.080379354,9,53,0.013517863,-0.086401054,35,119,161,124,19,28
PctEmpMining_household_density_on_land_2010,-0.045420442,-0.036655881,0.08533524,0.090608792,2,6.1,0.196376065,0.461404457,0.941798679,0.003912771,0.00832254,0.077241856,4,11.1,0.010943032,-0.07019366,78,73,3,2,18,40
PctEmpConstruction_PctEmpManufacturing,-0.158306495,-0.12987934,0.427509608,0.355011079,5,6,0.721941708,0.491744798,1.204214834,0.051994272,0.037463287,0.071772086,9,13,0.011264886,-0.111343933,39,29,131,69,17,19
PctEmpTrans_PctEmpManufacturing,-0.053903725,-0.039775452,0.419496511,0.294876336,4,6,0.599653188,0.491744798,1.422618434,0.04421157,0.025589217,0.07061747,8,24,0.010621178,-0.106803515,75,71,122,54,16,21
PctEmpAgriculture_PctEmpServices,-0.500931001,-0.234420898,0.23290539,0.240836952,2,39,0.48519684,0.496369581,0.967066674,0.017908554,0.022982465,0.068021732,3,51,0.020276794,-0.138035734,4,12,29,14,15,11
avg_precipitation_for_county_PctEmpTrade,0.158391382,0.161227443,0.4416077,0.208912985,3,12,0.413685622,0.50500422,2.113835577,0.117579224,0.045201105,0.063539061,4,14,0.079176054,-0.012851784,154,171,149,159,14,66
PctEmpManufacturing_covid_death_density,0.13842582,0.075068456,0.371548932,0.2457199,6,0.002874389,0.491744798,0.499689882,1.512083195,0.075520576,0.030554027,0.054756247,11,0.004872738,0.020598648,-0.074171568,149,138,96,100,13,38
avg_precipitation_for_county_population_density_on_land_2010,0.04112671,0.04176583,0.712249491,0.206576684,3,10.1,0.413685622,0.499356694,3.447869701,0.127104858,0.028305914,0.048771982,3,237,0.092372063,-0.038367383,125,127,188,166,12,54
PctEmpTrade_bachelor_degree_density_2014_2018,-0.02590281,-0.029810956,0.391331325,0.261443466,12,16,0.50500422,0.517705507,1.496810498,0.069194024,0.026684744,0.044834949,14,36,0.02156421,-0.132885317,87,78,108,91,11,13
PctEmpTrade_PctEmpAgriculture,-0.273250417,-0.101741176,0.279728223,0.245026452,12,2,0.50500422,0.48519684,1.141624592,0.038323699,0.02399341,0.04437,14,11,0.01577084,-0.082559616,17,42,43,40,10,35
avg_precipitation_for_county_household_density_on_land_2010,0.03907543,0.039578123,0.720248755,0.206598005,3,4.3,0.413685622,0.499408232,3.486232863,0.137340636,0.030248233,0.042386992,3,112,0.08464757,-0.038333123,122,125,189,172,9,55
avg_precipitation_for_county_PctEmpAgriculture,-0.406503878,-0.382361954,0.20961238,0.200718956,3,2,0.413685622,0.48519684,1.044307843,0.015365989,0.028146211,0.040894873,4,7,0.013517863,-0.092142285,7,2,20,10,8,25
avg_precipitation_for_county_medianHouseHoldIncome,-0.143810447,-0.148048695,0.27466941,0.206802129,3,44500,0.413685622,0.499901659,1.328174965,0.071227461,0.051616398,0.032254889,4,72385,0.026070164,-0.088783596,44,23,41,93,7,27
PctEmpFIRE_PctEmpConstruction,-0.073149403,-0.002821145,0.571519763,0.435381951,3,5,0.603070783,0.721941708,1.312685935,0.092666978,0.051535012,0.031158142,7,5,0.011908593,-0.043985583,70,104,184,127,6,52
PctEmpInformation_PctEmpMining,-0.113061487,-0.08522968,0.13401074,0.085986635,1,2,0.437867185,0.196376065,1.558506628,0.021481044,0.010117047,0.025320879,1,14,0.024782749,-0.101365487,56,47,7,17,5,22
PctEmpMining_PctEmpAgriculture,0.030720051,0.055627163,0.192346575,0.095281046,2,2,0.196376065,0.48519684,2.018728621,0.023831491,0.007744187,-0.015857013,6,18,0.010943032,-0.14358208,121,131,16,21,4,8
avg_precipitation_for_county_PctEmpMining,-0.249731931,-0.235520316,0.074073422,0.041110776,4,2,0.209347183,0.196376065,1.801800636,0.009775633,0.014589248,-0.018440309,3,5,0.040231735,-0.106870253,20,11,1,6,3,20
PctEmpMining_bachelor_degree_density_2014_2018,-0.185129895,-0.117522111,0.155172438,0.10166497,2,16,0.196376065,0.517705507,1.526311748,0.015607609,0.00861285,-0.030551812,4,25,0.014483425,-0.171062344,31,34,10,12,2,2
avg_precipitation_for_county_PctEmpFIRE,0.055158376,0.04132447,0.406785718,0.249481712,3,3,0.413685622,0.603070783,1.630523196,0.100938353,0.048863782,-0.065624228,4,7,0.126488574,-0.131190878,129,126,117,139,1,15
