FIPS,bachelor_degree_density_2014_2018
1001,27.7
1003,31.3
1005,12.2
1007,11.5
1009,12.6
1011,13.3
1013,16.1
1015,18.0
1017,13.2
1019,12.9
1021,14.2
1023,13.0
1025,12.6
1027,10.2
1029,13.7
1031,23.4
1033,18.7
1035,10.7
1037,11.6
1039,14.9
1041,15.6
1043,13.7
1045,17.0
1047,15.1
1049,12.7
1051,24.5
1053,12.7
1055,17.7
1057,12.9
1059,12.9
1061,11.1
1063,10.1
1065,14.1
1067,18.0
1069,21.0
1071,14.2
1073,32.4
1075,12.5
1077,23.9
1079,11.7
1081,34.1
1083,25.5
1085,14.1
1087,20.7
1089,41.7
1091,15.4
1093,13.1
1095,19.2
1097,22.9
1099,14.1
1101,32.1
1103,21.7
1105,15.7
1107,13.5
1109,23.6
1111,14.9
1113,16.5
1115,16.5
1117,42.1
1119,21.8
1121,14.3
1123,18.3
1125,30.3
1127,11.6
1129,11.1
1131,12.5
1133,13.5
2000,29.2
2010,
2013,12.7
2016,16.4
2020,35.3
2050,12.3
2060,22.3
2068,43.5
2070,19.3
2090,32.6
2100,37.4
2105,23.4
2110,39.5
2122,23.3
2130,24.5
2150,26.0
2158,4.8
2160,
2164,15.8
2170,21.2
2180,14.6
2185,16.6
2188,11.7
2195,27.6
2198,17.6
2201,
2220,32.6
2230,33.7
2231,
2232,
2240,19.1
2250,
2261,30.6
2275,20.7
2280,
2282,20.0
2290,13.4
4000,28.9
4001,11.7
4003,23.0
4005,35.6
4007,18.5
4009,15.3
4011,11.9
4012,12.4
4013,32.0
4015,12.9
4017,15.8
4019,31.9
4021,19.0
4023,21.0
4025,25.2
4027,14.8
5000,22.6
5001,15.5
5003,13.2
5005,18.3
5007,32.4
5009,16.0
5011,15.2
5013,12.1
5015,20.4
5017,14.7
5019,27.6
5021,11.6
5023,14.9
5025,16.2
5027,20.6
5029,16.0
5031,26.3
5033,15.3
5035,18.0
5037,15.4
5039,13.7
5041,12.4
5043,20.6
5045,30.0
5047,11.8
5049,11.8
5051,20.2
5053,18.3
5055,15.9
5057,15.1
5059,14.7
5061,14.7
5063,18.9
5065,13.8
5067,10.2
5069,17.8
5071,15.8
5073,16.5
5075,15.0
5077,8.9
5079,8.9
5081,11.4
5083,12.1
5085,20.3
5087,12.5
5089,17.2
5091,16.6
5093,12.8
5095,10.5
5097,10.8
5099,15.4
5101,16.2
5103,16.0
5105,11.9
5107,14.0
5109,14.7
5111,10.1
5113,13.3
5115,22.0
5117,15.1
5119,34.1
5121,14.0
5123,10.6
5125,26.1
5127,9.1
5129,12.5
5131,19.7
5133,11.5
5135,11.3
5137,12.8
5139,20.8
5141,14.1
5143,32.8
5145,21.4
5147,12.0
5149,13.5
6000,33.3
6001,46.0
6003,30.0
6005,20.3
6007,26.5
6009,18.7
6011,15.4
6013,41.7
6015,14.3
6017,33.7
6019,20.7
6021,13.9
6023,29.8
6025,14.5
6027,26.1
6029,16.1
6031,13.5
6033,15.8
6035,12.0
6037,31.8
6039,14.5
6041,58.8
6043,23.4
6045,24.7
6047,14.0
6049,15.9
6051,30.6
6053,24.5
6055,34.9
6057,36.6
6059,39.9
6061,38.6
6063,23.5
6065,21.8
6067,30.4
6069,19.7
6071,20.3
6073,38.1
6075,57.1
6077,18.4
6079,34.6
6081,49.9
6083,33.8
6085,51.3
6087,40.0
6089,22.2
6091,18.7
6093,22.5
6095,26.2
6097,34.9
6099,16.9
6101,17.7
6103,15.5
6105,19.7
6107,14.3
6109,20.0
6111,33.1
6113,41.6
6115,16.7
8000,40.1
8001,23.6
8003,26.1
8005,42.2
8007,38.9
8009,22.1
8011,12.4
8013,60.8
8014,55.5
8015,33.5
8017,20.0
8019,46.5
8021,20.2
8023,19.1
8025,9.6
8027,36.9
8029,21.2
8031,47.9
8033,21.3
8035,57.9
8037,48.1
8039,35.9
8041,37.9
8043,18.2
8045,30.0
8047,38.7
8049,37.8
8051,55.3
8053,43.9
8055,21.4
8057,16.8
8059,44.1
8061,21.5
8063,18.9
8065,34.0
8067,43.9
8069,46.3
8071,19.7
8073,12.8
8075,20.5
8077,27.4
8079,39.9
8081,17.1
8083,28.6
8085,23.9
8087,17.6
8089,17.7
8091,48.6
8093,30.2
8095,25.5
8097,63.1
8099,17.4
8101,22.0
8103,20.2
8105,23.7
8107,50.4
8109,22.9
8111,34.5
8113,56.7
8115,20.8
8117,51.0
8119,34.0
8121,16.2
8123,26.7
8125,22.1
9000,38.9
9001,47.4
9003,37.8
9005,35.1
9007,41.5
9009,34.9
9011,33.3
9013,41.2
9015,24.1
10000,31.4
10001,23.6
10003,35.9
10005,26.5
11000,57.6
11001,57.6
12000,29.2
12001,42.5
12003,13.4
12005,22.8
12007,10.6
12009,29.3
12011,31.9
12013,9.9
12015,23.2
12017,17.6
12019,24.1
12021,36.2
12023,15.6
12027,11.4
12029,9.4
12031,29.2
12033,26.4
12035,24.4
12037,17.1
12039,16.7
12041,14.2
12043,9.9
12045,17.7
12047,9.3
12049,10.4
12051,8.2
12053,17.5
12055,17.0
12057,32.7
12059,10.3
12061,28.3
12063,13.4
12065,22.0
12067,15.8
12069,22.7
12071,27.8
12073,45.7
12075,12.6
12077,12.7
12079,13.8
12081,29.3
12083,19.4
12085,33.0
12086,28.8
12087,33.3
12089,28.2
12091,30.6
12093,11.4
12095,33.8
12097,20.5
12099,35.7
12101,23.4
12103,31.0
12105,20.0
12107,12.4
12109,43.7
12111,20.3
12113,28.1
12115,34.7
12117,38.2
12119,31.1
12121,14.7
12123,7.4
12125,8.3
12127,23.6
12129,18.4
12131,28.4
12133,11.7
13000,30.7
13001,9.7
13003,9.9
13005,10.1
13007,12.3
13009,20.9
13011,12.8
13013,17.6
13015,19.5
13017,12.0
13019,11.8
13021,25.7
13023,17.2
13025,8.2
13027,15.2
13029,32.6
13031,27.4
13033,12.6
13035,11.4
13037,9.4
13039,24.5
13043,14.1
13045,20.6
13047,20.8
13049,10.5
13051,33.2
13053,33.4
13055,9.8
13057,37.0
13059,42.7
13061,7.9
13063,19.5
13065,11.1
13067,46.5
13069,13.2
13071,12.5
13073,35.1
13075,15.5
13077,29.8
13079,10.3
13081,13.7
13083,13.9
13085,30.4
13087,14.6
13089,43.4
13091,13.7
13093,11.3
13095,21.4
13097,27.1
13099,15.6
13101,8.8
13103,20.1
13105,10.8
13107,12.4
13109,15.5
13111,21.3
13113,46.5
13115,20.4
13117,51.7
13119,13.5
13121,51.4
13123,20.0
13125,9.0
13127,29.6
13129,14.4
13131,14.1
13133,25.8
13135,36.1
13137,18.7
13139,24.0
13141,8.8
13143,14.0
13145,29.9
13147,15.1
13149,9.8
13151,28.3
13153,27.3
13155,14.3
13157,21.0
13159,10.8
13161,10.0
13163,11.0
13165,9.3
13167,10.4
13169,20.1
13171,17.1
13173,16.4
13175,15.6
13177,25.6
13179,18.3
13181,13.5
13183,15.5
13185,25.6
13187,26.2
13189,13.7
13191,15.6
13193,8.6
13195,18.0
13197,13.1
13199,11.5
13201,12.3
13205,11.1
13207,26.3
13209,14.1
13211,20.8
13213,9.4
13215,26.2
13217,19.6
13219,51.1
13221,16.9
13223,24.1
13225,19.4
13227,23.7
13229,11.9
13231,15.9
13233,12.2
13235,12.4
13237,22.2
13239,9.1
13241,24.8
13243,11.7
13245,21.3
13247,26.5
13249,12.9
13251,14.2
13253,14.4
13255,16.4
13257,22.1
13259,11.2
13261,18.6
13263,12.0
13265,7.0
13267,13.2
13269,11.2
13271,8.4
13273,12.3
13275,23.1
13277,16.5
13279,15.8
13281,26.2
13283,13.6
13285,18.5
13287,12.5
13289,9.4
13291,22.4
13293,13.7
13295,15.9
13297,19.9
13299,13.9
13301,13.4
13303,14.0
13305,12.9
13307,11.7
13309,12.8
13311,21.4
13313,15.7
13315,11.4
13317,12.6
13319,10.6
13321,10.4
15000,32.5
15001,29.5
15003,34.3
15005,24.6
15007,29.5
15009,26.6
16000,26.9
16001,37.8
16003,19.1
16005,27.2
16007,20.3
16009,15.1
16011,20.7
16013,38.2
16015,27.2
16017,23.1
16019,30.1
16021,19.0
16023,18.2
16025,19.5
16027,18.3
16029,19.9
16031,18.6
16033,15.5
16035,16.9
16037,23.0
16039,16.4
16041,18.1
16043,20.9
16045,14.8
16047,15.2
16049,20.2
16051,22.6
16053,14.9
16055,24.9
16057,45.1
16059,21.1
16061,17.3
16063,10.1
16065,36.4
16067,13.4
16069,21.9
16071,15.5
16073,11.2
16075,14.2
16077,15.9
16079,11.6
16081,41.5
16083,20.6
16085,30.1
16087,14.8
17000,34.1
17001,24.8
17003,11.3
17005,21.8
17007,23.2
17009,13.7
17011,19.7
17013,13.6
17015,18.1
17017,14.6
17019,44.4
17021,16.6
17023,17.6
17025,15.2
17027,22.5
17029,25.6
17031,38.0
17033,16.6
17035,15.8
17037,31.4
17039,21.3
17041,19.0
17043,48.8
17045,16.7
17047,13.9
17049,22.5
17051,11.7
17053,20.2
17055,15.9
17057,17.6
17059,9.9
17061,12.4
17063,23.6
17065,18.3
17067,21.3
17069,11.2
17071,15.4
17073,22.6
17075,15.4
17077,36.0
17079,17.5
17081,17.4
17083,20.5
17085,23.8
17087,16.5
17089,33.1
17091,21.0
17093,35.4
17095,18.5
17097,45.0
17099,17.9
17101,13.5
17103,17.7
17105,15.7
17107,20.4
17109,32.4
17111,33.7
17113,44.8
17115,22.5
17117,19.4
17119,25.8
17121,15.0
17123,16.8
17125,15.4
17127,13.2
17129,23.1
17131,17.8
17133,32.5
17135,15.6
17137,19.9
17139,19.5
17141,20.0
17143,30.4
17145,11.7
17147,27.9
17149,15.1
17151,13.4
17153,12.3
17155,14.6
17157,12.8
17159,21.3
17161,23.2
17163,27.3
17165,17.8
17167,34.2
17169,18.2
17171,15.0
17173,16.9
17175,17.5
17177,19.3
17179,26.4
17181,22.8
17183,15.1
17185,17.2
17187,23.0
17189,20.6
17191,14.6
17193,15.2
17195,18.5
17197,34.0
17199,22.6
17201,22.6
17203,31.6
18000,25.9
18001,15.3
18003,28.2
18005,32.3
18007,16.9
18009,13.6
18011,48.3
18013,27.4
18015,17.2
18017,13.9
18019,20.9
18021,16.8
18023,16.6
18025,11.4
18027,13.8
18029,21.6
18031,19.6
18033,17.7
18035,24.3
18037,22.2
18039,19.2
18041,11.6
18043,29.5
18045,15.0
18047,19.8
18049,14.4
18051,17.4
18053,17.1
18055,14.8
18057,57.8
18059,30.3
18061,17.4
18063,36.3
18065,16.6
18067,21.2
18069,19.0
18071,15.5
18073,14.9
18075,10.6
18077,17.9
18079,11.1
18081,31.8
18083,16.4
18085,22.7
18087,10.4
18089,22.1
18091,17.9
18093,15.5
18095,18.0
18097,30.4
18099,20.5
18101,13.4
18103,12.7
18105,45.6
18107,18.1
18109,16.9
18111,11.2
18113,14.3
18115,13.7
18117,12.3
18119,12.6
18121,12.2
18123,14.9
18125,13.7
18127,28.2
18129,20.7
18131,12.5
18133,16.1
18135,14.3
18137,18.1
18139,13.0
18141,29.2
18143,11.9
18145,19.4
18147,14.9
18149,10.8
18151,20.6
18153,10.8
18155,9.9
18157,37.7
18159,23.0
18161,16.9
18163,26.3
18165,13.4
18167,24.5
18169,18.4
18171,18.9
18173,29.6
18175,13.2
18177,18.2
18179,18.1
18181,16.8
18183,20.9
19000,28.2
19001,15.4
19003,17.7
19005,18.5
19007,17.1
19009,14.6
19011,22.6
19013,28.6
19015,24.8
19017,30.3
19019,20.6
19021,19.6
19023,17.5
19025,19.5
19027,22.2
19029,19.6
19031,23.0
19033,22.7
19035,21.4
19037,16.9
19039,16.9
19041,22.6
19043,17.2
19045,19.1
19047,12.8
19049,49.4
19051,20.5
19053,23.5
19055,16.6
19057,20.5
19059,31.3
19061,30.5
19063,20.2
19065,19.8
19067,19.9
19069,17.7
19071,19.3
19073,20.1
19075,28.0
19077,19.8
19079,24.3
19081,23.1
19083,19.8
19085,18.8
19087,20.1
19089,14.9
19091,20.8
19093,19.0
19095,19.1
19097,18.8
19099,17.9
19101,31.6
19103,53.0
19105,18.4
19107,18.2
19109,18.3
19111,15.7
19113,33.0
19115,14.2
19117,17.0
19119,21.4
19121,23.9
19123,22.3
19125,26.4
19127,19.0
19129,23.7
19131,17.7
19133,16.7
19135,16.6
19137,17.5
19139,22.0
19141,19.9
19143,18.1
19145,21.3
19147,25.0
19149,21.0
19151,14.7
19153,36.1
19155,21.2
19157,25.1
19159,20.6
19161,20.6
19163,31.9
19165,20.8
19167,28.1
19169,51.1
19171,16.1
19173,14.9
19175,17.2
19177,14.1
19179,18.0
19181,31.7
19183,21.5
19185,13.0
19187,19.6
19189,22.4
19191,29.7
19193,23.0
19195,15.5
19197,17.7
20000,32.9
20001,20.4
20003,17.5
20005,21.9
20007,18.3
20009,18.4
20011,20.6
20013,21.8
20015,29.0
20017,21.6
20019,16.8
20021,19.1
20023,26.3
20025,31.5
20027,27.2
20029,22.5
20031,22.9
20033,18.6
20035,20.1
20037,29.5
20039,23.5
20041,22.1
20043,19.3
20045,50.4
20047,17.9
20049,15.0
20051,34.8
20053,20.4
20055,17.1
20057,17.6
20059,19.5
20061,21.9
20063,22.7
20065,26.2
20067,15.4
20069,21.0
20071,29.0
20073,19.6
20075,18.2
20077,17.1
20079,31.0
20081,16.3
20083,28.4
20085,21.3
20087,21.9
20089,16.9
20091,55.3
20093,15.9
20095,24.2
20097,27.9
20099,17.8
20101,21.6
20103,31.7
20105,22.6
20107,16.0
20109,17.6
20111,27.3
20113,29.0
20115,25.1
20117,18.6
20119,20.1
20121,27.7
20123,25.3
20125,18.2
20127,20.1
20129,17.1
20131,24.5
20133,20.6
20135,18.9
20137,15.9
20139,18.6
20141,23.0
20143,23.5
20145,18.8
20147,22.3
20149,34.5
20151,28.1
20153,25.1
20155,20.5
20157,24.5
20159,23.2
20161,46.0
20163,24.0
20165,23.1
20167,25.9
20169,26.2
20171,24.9
20173,30.9
20175,11.1
20177,30.8
20179,21.4
20181,19.1
20183,19.1
20185,23.9
20187,19.3
20189,12.2
20191,22.2
20193,25.5
20195,22.8
20197,23.3
20199,30.9
20201,20.3
20203,21.1
20205,14.4
20207,13.5
20209,17.4
21000,23.6
21001,16.3
21003,14.6
21005,20.3
21007,13.3
21009,16.0
21011,12.4
21013,8.9
21015,31.6
21017,18.9
21019,20.2
21021,23.4
21023,13.7
21025,14.3
21027,11.1
21029,14.2
21031,12.6
21033,15.3
21035,29.0
21037,33.5
21039,14.8
21041,8.8
21043,13.7
21045,13.3
21047,17.3
21049,20.1
21051,9.5
21053,10.1
21055,13.1
21057,13.1
21059,22.9
21061,10.8
21063,8.3
21065,9.9
21067,42.9
21069,12.7
21071,11.2
21073,29.8
21075,13.3
21077,11.6
21079,16.8
21081,13.6
21083,16.3
21085,10.4
21087,12.0
21089,17.2
21091,11.0
21093,23.0
21095,10.8
21097,14.8
21099,11.8
21101,17.9
21103,12.2
21105,17.6
21107,16.0
21109,12.2
21111,32.7
21113,29.5
21115,14.9
21117,30.4
21119,12.9
21121,13.1
21123,10.1
21125,13.4
21127,10.0
21129,10.3
21131,9.7
21133,11.7
21135,11.0
21137,11.1
21139,11.4
21141,15.0
21143,15.9
21145,24.6
21147,6.9
21149,12.0
21151,30.5
21153,9.7
21155,13.2
21157,18.8
21159,8.5
21161,18.9
21163,18.2
21165,11.3
21167,17.5
21169,13.1
21171,12.9
21173,16.3
21175,13.6
21177,11.1
21179,17.2
21181,10.2
21183,13.3
21185,42.2
21187,9.9
21189,16.2
21191,11.3
21193,12.3
21195,13.0
21197,14.7
21199,15.3
21201,16.0
21203,10.6
21205,26.6
21207,12.9
21209,28.6
21211,24.2
21213,14.2
21215,20.2
21217,19.2
21219,12.9
21221,16.9
21223,12.0
21225,11.0
21227,30.6
21229,17.7
21231,12.8
21233,9.8
21235,19.2
21237,7.6
21239,32.9
22000,23.7
22001,13.4
22003,12.7
22005,26.8
22007,10.2
22009,12.1
22011,17.5
22013,12.4
22015,25.6
22017,23.5
22019,21.9
22021,14.2
22023,11.6
22025,11.7
22027,14.7
22029,12.8
22031,14.2
22033,34.7
22035,8.5
22037,12.6
22039,12.8
22041,11.9
22043,8.4
22045,12.7
22047,14.5
22049,13.5
22051,26.1
22053,15.9
22055,32.1
22057,16.6
22059,12.2
22061,36.5
22063,18.3
22065,12.6
22067,13.0
22069,17.8
22071,36.8
22073,24.3
22075,19.6
22077,15.2
22079,20.5
22081,13.9
22083,13.5
22085,13.1
22087,12.3
22089,24.2
22091,13.9
22093,14.3
22095,16.3
22097,14.2
22099,14.4
22101,10.6
22103,33.5
22105,19.4
22107,10.5
22109,15.8
22111,14.6
22113,14.2
22115,16.8
22117,11.7
22119,15.1
22121,20.6
22123,12.6
22125,22.2
22127,14.4
23000,30.9
23001,22.2
23003,18.9
23005,46.7
23007,25.4
23009,32.3
23011,27.1
23013,31.0
23015,32.7
23017,19.0
23019,27.1
23021,18.3
23023,35.5
23025,16.5
23027,29.6
23029,20.8
23031,31.4
24000,39.6
24001,18.3
24003,40.9
24005,38.6
24009,31.1
24011,16.9
24013,35.6
24015,22.8
24017,28.9
24019,20.8
24021,40.6
24023,20.1
24025,35.8
24027,61.4
24029,34.2
24031,59.0
24033,32.7
24035,34.9
24037,31.5
24039,15.7
24041,38.6
24043,21.4
24045,26.8
24047,30.4
24510,31.2
25000,42.9
25001,42.8
25003,33.4
25005,28.0
25007,44.2
25009,39.4
25011,37.2
25013,27.2
25015,46.5
25017,55.2
25019,51.7
25021,53.0
25023,36.7
25025,44.8
25027,35.9
26000,28.6
26001,15.7
26003,17.4
26005,22.7
26007,17.5
26009,28.2
26011,11.8
26013,14.5
26015,20.1
26017,18.9
26019,29.3
26021,27.7
26023,14.2
26025,21.2
26027,19.1
26029,31.0
26031,20.5
26033,21.0
26035,12.1
26037,31.4
26039,18.8
26041,21.5
26043,26.5
26045,26.8
26047,33.7
26049,20.9
26051,13.8
26053,19.8
26055,35.1
26057,14.0
26059,17.0
26061,33.2
26063,15.5
26065,38.5
26067,16.1
26069,16.3
26071,18.8
26073,29.2
26075,21.4
26077,38.1
26079,11.9
26081,35.2
26083,30.4
26085,11.3
26087,17.8
26089,42.8
26091,20.9
26093,34.8
26095,16.3
26097,21.8
26099,24.5
26101,20.0
26103,31.5
26105,23.2
26107,21.9
26109,16.7
26111,34.0
26113,13.2
26115,19.1
26117,13.0
26119,12.8
26121,19.1
26123,15.9
26125,46.4
26127,18.8
26129,12.1
26131,17.5
26133,13.8
26135,10.7
26137,24.2
26139,33.5
26141,17.3
26143,14.9
26145,21.1
26147,18.3
26149,15.7
26151,14.2
26153,15.8
26155,17.2
26157,13.6
26159,20.9
26161,55.2
26163,23.3
26165,17.9
27000,35.4
27001,17.4
27003,29.7
27005,24.5
27007,28.1
27009,22.6
27011,15.0
27013,33.6
27015,20.4
27017,22.5
27019,48.1
27021,22.4
27023,19.1
27025,20.5
27027,33.5
27029,16.1
27031,42.4
27033,21.2
27035,24.3
27037,41.8
27039,24.4
27041,25.4
27043,17.8
27045,21.1
27047,16.7
27049,25.0
27051,19.4
27053,49.2
27055,24.0
27057,27.2
27059,17.7
27061,22.7
27063,22.0
27065,14.6
27067,23.4
27069,23.9
27071,17.6
27073,19.1
27075,29.8
27077,19.3
27079,22.4
27081,18.4
27083,25.4
27085,17.9
27087,12.2
27089,19.0
27091,20.1
27093,18.8
27095,15.3
27097,17.1
27099,21.7
27101,18.9
27103,32.6
27105,15.3
27107,18.4
27109,44.0
27111,25.1
27113,20.1
27115,14.5
27117,21.4
27119,24.1
27121,21.9
27123,41.9
27125,16.9
27127,18.6
27129,14.4
27131,27.5
27133,23.0
27135,19.3
27137,28.7
27139,39.3
27141,27.4
27143,16.7
27145,27.8
27147,25.0
27149,29.3
27151,18.0
27153,15.5
27155,17.0
27157,21.9
27159,13.6
27161,20.5
27163,43.2
27165,15.3
27167,23.5
27169,29.8
27171,28.4
27173,16.1
28000,21.8
28001,17.8
28003,16.4
28005,13.1
28007,13.6
28009,10.3
28011,23.8
28013,11.3
28015,14.5
28017,12.4
28019,17.7
28021,19.1
28023,11.7
28025,20.1
28027,17.1
28029,14.2
28031,17.4
28033,24.1
28035,27.6
28037,15.3
28039,12.6
28041,8.6
28043,19.7
28045,23.2
28047,22.3
28049,29.1
28051,9.9
28053,14.4
28055,6.7
28057,13.4
28059,20.8
28061,14.5
28063,15.0
28065,13.9
28067,20.5
28069,11.0
28071,43.9
28073,35.2
28075,20.0
28077,15.6
28079,12.8
28081,23.9
28083,17.5
28085,16.0
28087,23.7
28089,47.7
28091,12.1
28093,13.7
28095,17.2
28097,20.4
28099,12.2
28101,16.6
28103,13.5
28105,43.5
28107,14.9
28109,16.4
28111,11.0
28113,15.5
28115,15.9
28117,12.2
28119,11.4
28121,29.2
28123,12.7
28125,18.7
28127,12.6
28129,12.5
28131,14.5
28133,15.4
28135,11.4
28137,17.4
28139,15.5
28141,10.0
28143,16.8
28145,14.8
28147,13.4
28149,23.3
28151,18.8
28153,16.0
28155,17.3
28157,13.8
28159,16.6
28161,14.2
28163,14.6
29000,28.6
29001,30.0
29003,23.8
29005,22.5
29007,14.5
29009,14.5
29011,18.1
29013,14.9
29015,13.4
29017,9.4
29019,46.0
29021,20.7
29023,13.8
29025,18.3
29027,22.2
29029,21.8
29031,30.5
29033,17.0
29035,16.5
29037,26.1
29039,15.3
29041,18.4
29043,28.2
29045,13.5
29047,32.7
29049,19.4
29051,32.9
29053,21.4
29055,11.2
29057,13.6
29059,12.4
29061,18.1
29063,15.3
29065,14.6
29067,10.5
29069,13.1
29071,20.1
29073,18.9
29075,18.0
29077,30.2
29079,18.8
29081,16.2
29083,15.5
29085,10.0
29087,19.8
29089,24.4
29091,16.5
29093,10.9
29095,30.9
29097,22.9
29099,20.2
29101,28.4
29103,15.8
29105,14.7
29107,20.1
29109,15.3
29111,14.0
29113,15.9
29115,15.4
29117,19.3
29119,11.8
29121,15.7
29123,15.1
29125,14.1
29127,20.9
29129,18.0
29131,16.6
29133,12.4
29135,19.0
29137,12.8
29139,13.7
29141,12.9
29143,12.7
29145,19.7
29147,27.8
29149,12.2
29151,18.9
29153,12.2
29155,12.1
29157,16.0
29159,18.4
29161,29.5
29163,16.1
29165,41.8
29167,20.3
29169,25.9
29171,18.9
29173,13.6
29175,15.3
29177,13.9
29179,11.1
29181,10.9
29183,37.8
29185,13.4
29186,17.7
29187,14.0
29189,43.2
29195,18.0
29197,11.6
29199,12.0
29201,14.5
29203,15.8
29205,17.0
29207,13.2
29209,18.4
29211,12.2
29213,18.4
29215,14.1
29217,17.7
29219,18.6
29221,9.4
29223,10.3
29225,16.9
29227,17.5
29229,11.4
29510,35.0
30000,31.2
30001,35.5
30003,17.4
30005,21.8
30007,27.0
30009,32.0
30011,17.5
30013,26.0
30015,27.3
30017,22.5
30019,21.9
30021,21.0
30023,17.4
30025,17.3
30027,28.9
30029,29.9
30031,49.0
30033,16.8
30035,19.0
30037,25.9
30039,26.6
30041,24.5
30043,34.0
30045,28.6
30047,28.0
30049,38.6
30051,16.6
30053,20.2
30055,16.1
30057,28.9
30059,26.1
30061,17.3
30063,42.5
30065,14.1
30067,32.4
30069,29.0
30071,20.5
30073,24.8
30075,26.4
30077,21.0
30079,20.9
30081,27.1
30083,19.0
30085,17.1
30087,18.0
30089,17.1
30091,23.6
30093,26.4
30095,25.3
30097,25.5
30099,24.4
30101,14.5
30103,23.5
30105,20.9
30107,19.8
30109,20.8
30111,31.0
30113,
31000,31.3
31001,24.9
31003,19.1
31005,27.9
31007,20.7
31009,22.7
31011,20.6
31013,18.2
31015,18.2
31017,19.8
31019,34.7
31021,18.1
31023,19.9
31025,27.4
31027,19.4
31029,20.8
31031,21.2
31033,26.2
31035,18.4
31037,14.5
31039,23.2
31041,20.9
31043,12.5
31045,37.0
31047,15.6
31049,15.8
31051,20.5
31053,18.6
31055,38.9
31057,19.4
31059,19.9
31061,16.6
31063,20.0
31065,18.9
31067,20.2
31069,24.9
31071,22.2
31073,26.4
31075,25.2
31077,17.4
31079,20.9
31081,26.0
31083,21.4
31085,18.1
31087,18.6
31089,21.2
31091,23.9
31093,20.5
31095,15.3
31097,16.0
31099,22.7
31101,20.7
31103,22.9
31105,18.2
31107,21.7
31109,38.8
31111,22.1
31113,19.7
31115,23.2
31117,24.9
31119,22.4
31121,17.4
31123,18.1
31125,19.8
31127,28.1
31129,19.1
31131,21.8
31133,17.5
31135,25.8
31137,25.9
31139,22.3
31141,22.2
31143,21.1
31145,18.8
31147,18.2
31149,20.9
31151,14.3
31153,40.1
31155,25.4
31157,22.4
31159,29.2
31161,23.6
31163,18.2
31165,26.6
31167,16.6
31169,19.8
31171,24.0
31173,16.7
31175,22.8
31177,30.3
31179,34.5
31181,22.6
31183,17.3
31185,28.1
32000,24.2
32001,17.5
32003,23.9
32005,28.9
32007,18.2
32009,16.5
32011,11.7
32013,16.3
32015,11.6
32017,17.7
32019,14.0
32021,14.4
32023,11.5
32027,14.8
32029,28.7
32031,30.5
32033,14.9
32510,22.3
33000,36.5
33001,32.4
33003,33.6
33005,32.6
33007,18.1
33009,40.5
33011,37.3
33013,35.6
33015,40.7
33017,35.6
33019,26.8
34000,38.9
34001,27.4
34003,48.3
34005,37.5
34007,31.8
34009,31.5
34011,14.7
34013,34.8
34015,31.9
34017,40.9
34019,52.0
34021,42.0
34023,42.7
34025,44.9
34027,53.6
34029,29.2
34031,28.1
34033,20.9
34035,54.5
34037,34.9
34039,35.1
34041,31.8
35000,27.1
35001,33.9
35003,22.2
35005,17.8
35006,13.4
35007,20.5
35009,19.8
35011,9.8
35013,27.5
35015,15.9
35017,27.3
35019,11.6
35021,24.3
35023,14.2
35025,13.0
35027,29.3
35028,66.5
35029,12.2
35031,11.6
35033,11.2
35035,19.0
35037,15.8
35039,18.5
35041,25.1
35043,30.0
35045,15.2
35047,22.7
35049,40.9
35051,20.5
35053,21.2
35055,28.0
35057,15.6
35059,12.7
35061,17.1
36000,35.9
36001,41.3
36003,20.2
36005,19.8
36007,28.3
36009,19.1
36011,22.3
36013,21.7
36015,23.9
36017,18.3
36019,22.9
36021,31.3
36023,26.9
36025,21.9
36027,35.2
36029,33.7
36031,27.6
36033,19.4
36035,17.8
36037,21.5
36039,22.1
36041,19.3
36043,21.0
36045,22.3
36047,36.5
36049,16.3
36051,25.4
36053,27.0
36055,37.7
36057,17.5
36059,45.2
36061,60.8
36063,23.8
36065,24.7
36067,35.5
36069,34.5
36071,29.8
36073,15.9
36075,18.6
36077,30.9
36079,39.9
36081,31.5
36083,30.1
36085,33.0
36087,40.6
36089,23.6
36091,41.4
36093,31.4
36095,22.3
36097,22.3
36099,20.9
36101,23.1
36103,35.6
36105,23.2
36107,25.5
36109,52.7
36111,32.2
36113,30.0
36115,20.4
36117,22.3
36119,48.2
36121,16.5
36123,24.4
37000,30.5
37001,24.0
37003,14.7
37005,16.7
37007,9.6
37009,19.0
37011,20.6
37013,19.4
37015,13.4
37017,15.1
37019,28.6
37021,39.2
37023,16.6
37025,31.2
37027,15.3
37029,17.9
37031,28.4
37033,15.5
37035,21.9
37037,41.3
37039,19.2
37041,19.8
37043,22.8
37045,17.4
37047,13.1
37049,25.7
37051,25.0
37053,23.1
37055,33.0
37057,18.5
37059,22.9
37061,11.1
37063,47.5
37065,12.7
37067,33.8
37069,21.3
37071,20.6
37073,14.4
37075,13.5
37077,22.3
37079,10.5
37081,35.3
37083,14.4
37085,20.7
37087,25.0
37089,31.8
37091,14.6
37093,18.4
37095,9.4
37097,27.5
37099,30.5
37101,21.8
37103,13.1
37105,20.9
37107,14.5
37109,21.4
37111,16.9
37113,24.2
37115,27.6
37117,16.8
37119,44.8
37121,18.8
37123,14.7
37125,36.9
37127,20.9
37129,39.3
37131,12.8
37133,21.4
37135,57.6
37137,19.4
37139,20.5
37141,26.4
37143,20.4
37145,15.3
37147,31.8
37149,31.7
37151,15.8
37153,13.9
37155,13.2
37157,15.0
37159,18.7
37161,17.3
37163,12.8
37165,15.5
37167,15.8
37169,13.3
37171,16.8
37173,16.0
37175,31.5
37177,9.7
37179,34.8
37181,12.9
37183,51.8
37185,15.5
37187,11.3
37189,41.6
37191,19.5
37193,15.5
37195,19.6
37197,11.3
37199,20.0
38000,29.5
38001,28.6
38003,27.2
38005,15.6
38007,26.3
38009,23.7
38011,24.3
38013,22.3
38015,35.1
38017,39.4
38019,21.2
38021,26.7
38023,18.4
38025,21.0
38027,24.3
38029,16.5
38031,24.1
38033,28.1
38035,34.5
38037,17.4
38039,25.9
38041,14.4
38043,17.9
38045,24.0
38047,16.4
38049,19.8
38051,16.8
38053,26.1
38055,20.5
38057,21.6
38059,26.3
38061,20.6
38063,22.7
38065,18.7
38067,20.4
38069,19.2
38071,26.1
38073,19.7
38075,17.8
38077,21.6
38079,20.0
38081,17.5
38083,10.9
38085,16.2
38087,26.5
38089,22.9
38091,27.5
38093,23.5
38095,18.2
38097,26.8
38099,16.8
38101,28.3
38103,22.1
38105,24.8
39000,27.8
39001,12.9
39003,17.8
39005,21.1
39007,14.1
39009,29.7
39011,18.9
39013,16.2
39015,14.2
39017,29.8
39019,13.6
39021,14.9
39023,18.6
39025,28.0
39027,18.7
39029,14.8
39031,12.5
39033,14.8
39035,31.9
39037,14.7
39039,16.7
39041,54.4
39043,22.7
39045,27.2
39047,16.1
39049,39.3
39051,17.2
39053,15.3
39055,38.1
39057,39.0
39059,14.2
39061,37.1
39063,26.7
39065,16.6
39067,10.1
39069,18.0
39071,12.6
39073,14.8
39075,8.9
39077,13.6
39079,15.3
39081,15.3
39083,22.8
39085,27.9
39087,14.3
39089,26.2
39091,16.0
39093,24.0
39095,26.3
39097,16.9
39099,24.1
39101,13.1
39103,33.3
39105,12.8
39107,16.7
39109,22.6
39111,11.9
39113,27.4
39115,11.3
39117,13.5
39119,15.5
39121,10.3
39123,22.4
39125,14.1
39127,12.3
39129,18.6
39131,13.8
39133,28.7
39135,15.8
39137,20.3
39139,17.8
39141,16.6
39143,16.0
39145,15.0
39147,15.2
39149,17.4
39151,22.8
39153,32.1
39155,18.5
39157,15.8
39159,33.0
39161,16.2
39163,11.5
39165,42.3
39167,19.2
39169,21.9
39171,15.0
39173,33.1
39175,15.7
40000,25.2
40001,11.6
40003,20.2
40005,15.0
40007,19.7
40009,17.3
40011,16.6
40013,22.8
40015,16.3
40017,26.8
40019,20.6
40021,25.0
40023,12.3
40025,22.6
40027,32.5
40029,17.6
40031,22.5
40033,13.2
40035,14.8
40037,16.3
40039,25.5
40041,17.6
40043,24.5
40045,20.0
40047,22.4
40049,14.5
40051,19.7
40053,23.1
40055,13.5
40057,21.3
40059,22.0
40061,14.7
40063,12.9
40065,20.9
40067,13.9
40069,17.2
40071,19.1
40073,23.6
40075,17.4
40077,17.2
40079,15.1
40081,15.1
40083,27.6
40085,14.5
40087,24.2
40089,13.2
40091,14.2
40093,19.4
40095,15.7
40097,14.6
40099,18.5
40101,19.5
40103,21.1
40105,10.7
40107,11.6
40109,31.8
40111,14.1
40113,17.6
40115,14.1
40117,16.1
40119,36.9
40121,15.5
40123,28.1
40125,18.3
40127,15.0
40129,18.5
40131,24.3
40133,14.1
40135,13.3
40137,17.4
40139,22.3
40141,17.7
40143,31.2
40145,23.3
40147,28.6
40149,20.4
40151,30.6
40153,19.8
41000,32.9
41001,22.3
41003,53.6
41005,36.8
41007,24.6
41009,17.8
41011,17.9
41013,16.6
41015,24.0
41017,34.2
41019,17.2
41021,20.2
41023,18.8
41025,17.0
41027,31.6
41029,27.4
41031,18.4
41033,17.2
41035,19.4
41037,15.4
41039,29.6
41041,24.1
41043,19.5
41045,13.8
41047,22.8
41049,10.9
41051,44.5
41053,30.1
41055,19.5
41057,21.0
41059,16.2
41061,24.8
41063,24.7
41065,20.5
41067,43.7
41069,14.0
41071,26.5
42000,30.8
42001,22.4
42003,40.7
42005,16.2
42007,23.7
42009,14.2
42011,24.5
42013,20.8
42015,17.8
42017,40.5
42019,35.4
42021,21.4
42023,15.9
42025,16.8
42027,44.7
42029,51.8
42031,22.7
42033,14.3
42035,19.0
42037,22.5
42039,20.8
42041,35.8
42043,30.5
42045,38.3
42047,18.6
42049,27.7
42051,16.2
42053,7.4
42055,21.0
42057,13.4
42059,18.2
42061,16.9
42063,22.6
42065,16.4
42067,14.2
42069,27.7
42071,26.9
42073,21.4
42075,20.3
42077,29.4
42079,23.2
42081,22.8
42083,18.1
42085,22.6
42087,12.5
42089,24.4
42091,48.7
42093,32.8
42095,29.2
42097,16.0
42099,16.4
42101,28.6
42103,28.0
42105,15.5
42107,16.2
42109,18.4
42111,15.5
42113,17.3
42115,17.8
42117,19.1
42119,25.5
42121,17.6
42123,19.3
42125,29.5
42127,20.4
42129,28.5
42131,19.6
42133,24.2
44000,33.3
44001,47.1
44003,32.1
44005,47.9
44007,28.1
44009,45.0
45000,27.4
45001,15.9
45003,26.4
45005,9.4
45007,21.4
45009,18.7
45011,11.5
45013,40.3
45015,23.8
45017,19.2
45019,42.8
45021,13.8
45023,13.7
45025,10.1
45027,15.5
45029,15.2
45031,17.2
45033,11.1
45035,27.9
45037,17.8
45039,17.0
45041,23.1
45043,27.2
45045,34.2
45047,23.5
45049,11.4
45051,23.6
45053,16.9
45055,19.9
45057,26.9
45059,15.4
45061,12.3
45063,30.1
45065,20.2
45067,14.4
45069,9.4
45071,17.1
45073,24.6
45075,19.5
45077,24.5
45079,37.7
45081,16.1
45083,23.8
45085,18.5
45087,12.1
45089,12.7
45091,32.0
46000,28.5
46003,20.6
46005,20.1
46007,18.4
46009,18.4
46011,39.2
46013,29.3
46015,24.8
46017,9.4
46019,20.6
46021,28.8
46023,17.5
46025,18.6
46027,48.4
46029,21.6
46031,17.0
46033,25.0
46035,23.9
46037,20.6
46039,23.6
46041,16.0
46043,16.9
46045,25.5
46047,21.5
46049,28.9
46051,17.4
46053,20.5
46055,15.1
46057,20.3
46059,23.3
46061,20.1
46063,26.1
46065,35.5
46067,25.5
46069,22.5
46071,20.5
46073,20.8
46075,24.0
46077,22.7
46079,32.9
46081,34.7
46083,39.4
46085,19.8
46087,23.4
46089,16.4
46091,24.0
46093,27.2
46095,13.7
46097,20.2
46099,31.9
46101,21.0
46102,11.8
46103,30.7
46105,20.0
46107,21.8
46109,17.2
46111,19.7
46115,22.2
46117,31.3
46119,25.5
46121,15.8
46123,21.5
46125,23.2
46127,30.4
46129,23.2
46135,28.2
46137,16.3
47000,26.6
47001,23.5
47003,16.3
47005,12.6
47007,12.9
47009,24.0
47011,21.9
47013,11.9
47015,13.8
47017,17.2
47019,16.8
47021,19.6
47023,16.4
47025,15.2
47027,14.6
47029,10.8
47031,19.6
47033,13.0
47035,18.3
47037,40.3
47039,12.8
47041,15.7
47043,15.4
47045,16.9
47047,21.7
47049,13.6
47051,20.7
47053,17.8
47055,15.1
47057,10.6
47059,15.3
47061,12.1
47063,16.1
47065,31.2
47067,11.5
47069,11.4
47071,13.9
47073,14.0
47075,12.6
47077,13.8
47079,17.1
47081,11.0
47083,10.6
47085,13.3
47087,9.0
47089,16.4
47091,11.3
47093,36.7
47095,10.4
47097,8.8
47099,12.5
47101,11.5
47103,18.8
47105,26.3
47107,15.8
47109,12.7
47111,10.0
47113,25.9
47115,11.6
47117,14.3
47119,21.8
47121,10.5
47123,12.8
47125,27.2
47127,20.7
47129,7.3
47131,14.9
47133,13.1
47135,11.5
47137,8.7
47139,11.0
47141,25.4
47143,15.2
47145,19.5
47147,18.6
47149,32.0
47151,9.4
47153,14.6
47155,17.1
47157,31.1
47159,12.4
47161,14.9
47163,22.8
47165,26.9
47167,16.7
47169,16.8
47171,14.8
47173,8.5
47175,8.5
47177,14.0
47179,32.4
47181,11.2
47183,21.5
47185,13.5
47187,59.0
47189,30.6
48000,29.3
48001,11.7
48003,10.4
48005,16.3
48007,21.7
48009,23.4
48011,23.2
48013,13.3
48015,23.5
48017,17.7
48019,23.8
48021,20.4
48023,19.7
48025,10.2
48027,24.5
48029,27.6
48031,27.1
48033,35.0
48035,18.5
48037,19.9
48039,29.7
48041,40.8
48043,39.4
48045,22.7
48047,17.6
48049,19.3
48051,17.1
48053,25.1
48055,14.8
48057,15.0
48059,19.1
48061,17.3
48063,18.6
48065,30.4
48067,16.4
48069,14.8
48071,21.5
48073,16.9
48075,17.3
48077,18.6
48079,8.2
48081,17.1
48083,15.6
48085,51.7
48087,18.4
48089,18.6
48091,35.3
48093,19.8
48095,11.9
48097,20.5
48099,15.7
48101,15.3
48103,12.4
48105,14.1
48107,12.8
48109,9.0
48111,13.6
48113,30.7
48115,12.5
48117,12.2
48119,21.3
48121,44.5
48123,12.8
48125,16.7
48127,14.1
48129,19.8
48131,9.3
48133,13.3
48135,15.6
48137,20.8
48139,23.1
48141,22.8
48143,29.7
48145,12.9
48147,16.7
48149,18.1
48151,18.2
48153,15.9
48155,16.2
48157,46.1
48159,23.6
48161,13.0
48163,7.2
48165,12.4
48167,30.0
48169,13.9
48171,33.8
48173,23.2
48175,17.6
48177,12.3
48179,13.3
48181,20.5
48183,20.8
48185,14.6
48187,27.5
48189,16.5
48191,14.3
48193,21.7
48195,14.3
48197,14.5
48199,15.3
48201,31.0
48203,19.1
48205,17.2
48207,13.4
48209,37.4
48211,21.0
48213,18.2
48215,18.4
48217,17.1
48219,14.0
48221,26.1
48223,18.3
48225,14.1
48227,12.3
48229,6.9
48231,19.3
48233,13.8
48235,16.9
48237,12.6
48239,16.1
48241,12.4
48243,35.1
48245,19.6
48247,12.3
48249,12.7
48251,18.3
48253,11.5
48255,14.4
48257,20.7
48259,40.9
48261,6.8
48263,23.6
48265,25.6
48267,22.1
48269,18.2
48271,9.6
48273,24.8
48275,19.6
48277,17.6
48279,15.9
48281,20.0
48283,13.1
48285,16.7
48287,15.9
48289,16.4
48291,9.5
48293,14.0
48295,19.5
48297,13.2
48299,25.7
48301,0.0
48303,29.1
48305,18.2
48307,19.0
48309,23.7
48311,23.3
48313,13.6
48315,14.9
48317,20.4
48319,20.0
48321,16.7
48323,12.5
48325,19.8
48327,17.8
48329,27.4
48331,13.8
48333,18.2
48335,11.8
48337,15.5
48339,34.7
48341,14.3
48343,15.5
48345,16.7
48347,24.5
48349,16.1
48351,8.9
48353,15.5
48355,21.5
48357,15.2
48359,22.5
48361,15.3
48363,16.5
48365,15.5
48367,26.8
48369,17.7
48371,9.8
48373,14.0
48375,14.8
48377,20.1
48379,11.7
48381,32.0
48383,10.6
48385,20.6
48387,12.6
48389,10.8
48391,11.8
48393,26.3
48395,16.1
48397,40.3
48399,18.3
48401,14.5
48403,16.0
48405,13.3
48407,10.9
48409,14.9
48411,14.4
48413,16.5
48415,16.5
48417,24.9
48419,14.5
48421,19.7
48423,25.8
48425,23.9
48427,10.3
48429,16.6
48431,15.9
48433,13.7
48435,17.7
48437,12.8
48439,31.5
48441,24.5
48443,15.3
48445,12.0
48447,19.0
48449,15.9
48451,24.2
48453,48.6
48455,12.8
48457,12.5
48459,17.0
48461,9.9
48463,15.8
48465,18.6
48467,17.1
48469,20.1
48471,20.6
48473,19.9
48475,13.6
48477,25.0
48479,18.4
48481,17.1
48483,16.6
48485,23.0
48487,16.1
48489,10.1
48491,41.1
48493,20.5
48495,9.5
48497,17.5
48499,16.4
48501,16.3
48503,19.6
48505,10.4
48507,8.6
49000,33.3
49001,20.4
49003,23.3
49005,37.8
49007,16.4
49009,12.4
49011,37.5
49013,14.4
49015,14.7
49017,24.4
49019,27.7
49021,29.1
49023,17.1
49025,27.3
49027,22.4
49029,39.5
49031,18.9
49033,24.4
49035,34.5
49037,18.4
49039,18.8
49041,17.1
49043,55.3
49045,23.0
49047,14.7
49049,40.1
49051,40.6
49053,27.7
49055,25.2
49057,23.8
50000,37.3
50001,36.7
50003,35.7
50005,28.1
50007,50.7
50009,15.6
50011,23.7
50013,39.2
50015,37.3
50017,29.1
50019,21.6
50021,30.3
50023,41.5
50025,38.6
50027,36.3
51000,38.2
51001,18.5
51003,53.5
51005,15.4
51007,15.9
51009,19.2
51011,19.8
51013,74.6
51015,23.5
51017,14.9
51019,28.9
51021,17.4
51023,28.7
51025,14.3
51027,10.6
51029,11.3
51031,22.5
51033,20.1
51035,13.1
51036,13.3
51037,10.2
51041,39.9
51043,32.2
51045,18.5
51047,24.7
51049,17.5
51051,10.0
51053,17.2
51057,16.5
51059,61.1
51061,35.9
51063,22.3
51065,34.5
51067,20.5
51069,28.1
51071,18.2
51073,22.8
51075,39.2
51077,12.5
51079,27.8
51081,9.0
51083,15.9
51085,39.2
51087,42.9
51089,12.8
51091,23.1
51093,28.2
51095,49.6
51097,19.8
51099,34.6
51101,20.4
51103,30.9
51105,11.4
51107,60.8
51109,23.4
51111,10.6
51113,24.2
51115,28.0
51117,18.4
51119,21.8
51121,45.8
51125,32.1
51127,28.4
51131,21.6
51133,28.5
51135,12.7
51137,24.3
51139,13.9
51141,13.9
51143,13.9
51145,28.8
51147,28.1
51149,24.0
51153,40.1
51155,19.4
51157,32.9
51159,15.7
51161,34.8
51163,26.5
51165,25.9
51167,13.5
51169,14.4
51171,20.1
51173,14.3
51175,17.8
51177,31.5
51179,39.8
51181,17.6
51183,12.6
51185,15.3
51187,21.1
51191,22.5
51193,20.3
51195,14.5
51197,18.5
51199,45.4
51510,62.1
51515,
51520,24.1
51530,15.9
51540,52.6
51550,32.5
51560,
51570,23.2
51580,15.3
51590,18.4
51595,13.4
51600,58.7
51610,78.5
51620,21.1
51630,42.1
51640,12.4
51650,26.8
51660,36.0
51670,13.5
51678,39.5
51680,34.8
51683,29.7
51685,29.2
51690,21.3
51700,25.5
51710,28.0
51720,16.9
51730,18.0
51735,42.8
51740,21.3
51750,39.1
51760,38.5
51770,23.8
51775,29.1
51790,34.0
51800,28.1
51810,35.2
51820,25.0
51830,56.7
51840,33.9
53000,35.3
53001,13.6
53003,20.5
53005,30.0
53007,26.7
53009,26.1
53011,29.8
53013,24.9
53015,16.6
53017,19.2
53019,18.2
53021,17.3
53023,25.2
53025,17.6
53027,15.8
53029,33.0
53031,41.8
53033,51.4
53035,32.2
53037,34.8
53039,28.9
53041,16.8
53043,23.6
53045,18.0
53047,19.0
53049,18.0
53051,20.2
53053,26.4
53055,48.6
53057,26.3
53059,23.8
53061,31.9
53063,30.4
53065,18.5
53067,35.7
53069,19.0
53071,28.6
53073,33.9
53075,49.5
53077,16.0
54000,20.3
54001,16.6
54003,21.0
54005,8.4
54007,15.1
54009,19.4
54011,25.7
54013,11.0
54015,9.5
54017,15.7
54019,15.2
54021,14.4
54023,14.4
54025,19.9
54027,12.2
54029,18.5
54031,14.5
54033,22.5
54035,17.1
54037,30.8
54039,24.9
54041,13.3
54043,8.7
54045,10.0
54047,5.4
54049,23.4
54051,18.5
54053,12.4
54055,20.0
54057,14.7
54059,9.5
54061,41.3
54063,13.8
54065,17.3
54067,15.2
54069,30.8
54071,14.2
54073,12.9
54075,16.3
54077,15.4
54079,26.7
54081,18.3
54083,16.3
54085,10.5
54087,12.4
54089,13.9
54091,17.2
54093,17.5
54095,13.9
54097,16.8
54099,15.1
54101,9.3
54103,12.7
54105,9.7
54107,21.8
54109,9.5
55000,29.5
55001,12.4
55003,21.1
55005,19.9
55007,30.5
55009,29.6
55011,17.9
55013,20.0
55015,28.7
55017,20.1
55019,11.5
55021,23.2
55023,17.8
55025,50.7
55027,16.5
55029,32.1
55031,24.0
55033,28.0
55035,31.8
55037,18.3
55039,22.7
55041,15.6
55043,23.0
55045,23.0
55047,19.3
55049,24.3
55051,20.0
55053,14.4
55055,24.8
55057,13.6
55059,25.7
55061,19.1
55063,34.3
55065,18.9
55067,16.5
55069,18.3
55071,19.9
55073,25.6
55075,15.0
55077,14.2
55078,17.2
55079,30.5
55081,19.9
55083,16.0
55085,27.1
55087,28.9
55089,48.4
55091,19.2
55093,28.2
55095,20.4
55097,32.0
55099,16.9
55101,24.7
55103,18.9
55105,21.8
55107,15.8
55109,33.7
55111,23.8
55113,23.2
55115,16.1
55117,23.9
55119,14.7
55121,19.4
55123,21.8
55125,27.1
55127,28.3
55129,22.3
55131,30.7
55133,43.8
55135,19.1
55137,15.7
55139,27.3
55141,21.6
56000,26.9
56001,49.9
56003,18.8
56005,19.2
56007,20.3
56009,17.2
56011,22.4
56013,23.5
56015,24.5
56017,23.1
56019,28.8
56021,28.7
56023,22.6
56025,22.7
56027,16.6
56029,32.1
56031,21.7
56033,30.0
56035,25.2
56037,22.0
56039,57.4
56041,15.4
56043,21.5
56045,19.2
72000,25.3
72001,17.9
72003,19.4
72005,23.7
72007,17.6
72009,19.8
72011,18.1
72013,22.8
72015,14.0
72017,19.9
72019,18.3
72021,28.6
72023,26.0
72025,30.6
72027,20.6
72029,21.7
72031,31.5
72033,19.4
72035,22.9
72037,18.9
72039,15.1
72041,23.5
72043,21.5
72045,11.3
72047,16.8
72049,15.5
72051,30.3
72053,23.5
72054,12.5
72055,15.8
72057,19.9
72059,23.0
72061,45.6
72063,34.2
72065,24.8
72067,22.3
72069,22.8
72071,22.2
72073,17.5
72075,25.5
72077,19.2
72079,15.2
72081,18.1
72083,14.0
72085,20.8
72087,14.3
72089,19.5
72091,22.1
72093,9.9
72095,18.0
72097,25.1
72099,18.8
72101,16.9
72103,19.1
72105,16.5
72107,16.3
72109,15.8
72111,22.4
72113,26.6
72115,18.4
72117,23.3
72119,21.2
72121,19.6
72123,17.9
72125,23.4
72127,36.2
72129,19.9
72131,18.3
72133,24.1
72135,30.0
72137,25.6
72139,34.6
72141,18.1
72143,21.0
72145,20.7
72147,20.6
72149,20.1
72151,18.6
72153,24.6
