FIPS,cases,deaths
1001,15891,216.0
1003,56031,681.0
1005,5692,98.0
1007,6469,105.0
1009,15039,243.0
1011,2328,54.0
1013,5073,129.0
1015,32512,628.0
1017,8518,162.0
1019,5137,86.0
1021,11139,207.0
1023,2050,37.0
1025,7156,101.0
1027,4101,82.0
1029,3568,69.0
1031,13683,231.0
1033,16399,262.0
1035,2872,70.0
1037,2980,58.0
1039,9363,232.0
1041,3840,100.0
1043,24697,367.0
1045,12976,231.0
1047,8439,244.0
1049,18813,330.0
1051,23460,347.0
1053,10097,171.0
1055,28801,651.0
1057,4989,96.0
1059,9914,139.0
1061,6499,164.0
1063,1880,49.0
1065,4748,106.0
1067,4591,76.0
1069,25869,506.0
1071,15069,241.0
1073,186629,2374.0
1075,3748,65.0
1077,24236,397.0
1079,7698,160.0
1081,37981,341.0
1083,25182,295.0
1085,2631,77.0
1087,3904,85.0
1089,90833,970.0
1091,5197,108.0
1093,8175,152.0
1095,27471,394.0
1097,113466,1656.0
1099,5276,80.0
1101,55489,951.0
1103,36232,518.0
1105,2098,47.0
1107,5273,102.0
1109,7597,134.0
1111,5084,75.0
1113,10128,94.0
1117,61483,452.0
1115,25443,416.0
1119,2604,52.0
1121,22442,377.0
1123,11468,234.0
1125,56432,787.0
1127,18785,447.0
1129,3741,59.0
1131,2895,46.0
1133,7579,131.0
2013,1102,3.0
2016,1686,1.0
2020,106085,532.0
2050,10401,41.0
2997,875,1.0
2068,444,1.0
2070,1937,12.0
2090,27943,142.0
2100,633,1.0
2110,9154,19.0
2122,18203,102.0
2130,4243,19.0
2150,5017,12.0
2158,4093,14.0
2170,35132,239.0
2180,6250,5.0
2185,4491,13.0
2188,4861,14.0
2195,789,5.0
2198,1461,8.0
2220,2744,5.0
2230,238,1.0
2240,2058,20.0
2261,2960,20.0
2275,587,1.0
2998,586,5.0
2290,1457,10.0
4001,22606,614.0
4003,31675,576.0
4005,44263,478.0
4007,17451,381.0
4009,12072,177.0
4011,2233,33.0
4012,5236,144.0
4013,1288395,17342.0
4015,57772,1458.0
4017,38506,909.0
4019,256778,3854.0
4021,133108,1668.0
4023,16708,232.0
4025,48535,1212.0
4027,62791,1181.0
5001,5704,79.0
5003,5119,66.0
5005,8861,248.0
5007,67281,849.0
5009,9487,180.0
5011,3001,49.0
5013,964,10.0
5015,6144,103.0
5017,2778,60.0
5019,5383,80.0
5021,4165,93.0
5023,6475,128.0
5025,2274,36.0
5027,5447,96.0
5029,5497,65.0
5031,37838,330.0
5033,15903,250.0
5035,14350,227.0
5037,4844,83.0
5039,1765,31.0
5041,3032,41.0
5043,4688,70.0
5045,35349,318.0
5047,3823,73.0
5049,2697,90.0
5051,23401,511.0
5053,4473,61.0
5055,16109,175.0
5057,4574,69.0
5059,11252,136.0
5061,3768,50.0
5063,10655,212.0
5065,3913,70.0
5067,6137,63.0
5069,18634,277.0
5071,6840,87.0
5073,1299,31.0
5075,5344,78.0
5077,2913,59.0
5079,4921,68.0
5081,3283,104.0
5083,5137,79.0
5085,20002,244.0
5087,3979,62.0
5089,3412,88.0
5091,9603,181.0
5093,13625,210.0
5095,1937,36.0
5097,1530,57.0
5099,2190,46.0
5101,1722,47.0
5103,5493,104.0
5105,2528,37.0
5107,4835,99.0
5109,2619,44.0
5111,8072,127.0
5113,4147,148.0
5115,18475,210.0
5117,1965,42.0
5119,104405,1184.0
5121,5228,89.0
5125,31101,343.0
5127,2302,44.0
5129,2130,48.0
5131,32880,524.0
5133,5954,75.0
5135,4645,105.0
5123,7193,96.0
5137,2928,68.0
5139,9280,176.0
5141,3495,62.0
5143,69047,622.0
5145,22219,292.0
5147,1733,31.0
5149,6861,106.0
6001,290619,1872.0
6003,127,0.0
6005,9302,86.0
6007,40502,426.0
6009,7812,120.0
6011,4556,21.0
6013,214192,1305.0
6015,6513,50.0
6017,30856,213.0
6019,259176,2760.0
6021,6657,67.0
6023,21382,146.0
6025,67092,922.0
6027,4687,56.0
6029,245450,2435.0
6031,55703,447.0
6033,11792,137.0
6035,10777,69.0
6037,2930654,32074.0
6039,44023,370.0
6041,39916,293.0
6043,3204,35.0
6045,16814,124.0
6047,72017,823.0
6049,1005,8.0
6051,3168,6.0
6053,96193,744.0
6055,28131,143.0
6057,17692,127.0
6059,606842,7028.0
6061,72499,626.0
6063,3426,13.0
6065,631007,6532.0
6067,318705,3166.0
6069,13782,98.0
6071,600756,7523.0
6073,832335,5282.0
6075,148277,871.0
6077,180696,2237.0
6079,58220,481.0
6081,140764,756.0
6083,93797,692.0
6085,350604,2302.0
6087,53668,263.0
6089,37188,653.0
6091,329,4.0
6093,7502,106.0
6095,90993,451.0
6097,92242,491.0
6099,137256,1694.0
6101,23187,234.0
6103,14827,201.0
6105,1491,20.0
6107,136912,1477.0
6109,13913,182.0
6111,188227,1500.0
6113,41779,319.0
6115,18122,122.0
8001,139211,1384.0
8003,4573,62.0
8005,161005,1290.0
8007,2936,16.0
8009,857,13.0
8011,2564,47.0
8013,69307,371.0
8014,14180,116.0
8015,4795,47.0
8017,322,9.0
8019,1612,12.0
8021,1763,54.0
8023,716,18.0
8025,3347,30.0
8027,663,21.0
8029,6235,139.0
8031,179049,1361.0
8033,367,8.0
8035,82827,464.0
8037,16346,35.0
8041,191780,1694.0
8039,4903,40.0
8043,15539,188.0
8045,15150,91.0
8047,984,4.0
8049,3607,27.0
8051,3420,14.0
8053,131,0.0
8055,1453,35.0
8057,167,0.0
8059,129344,1357.0
8061,336,6.0
8063,1621,33.0
8067,13064,86.0
8065,1848,2.0
8069,82078,503.0
8071,3639,43.0
8073,2205,9.0
8075,7495,109.0
8077,43244,565.0
8079,241,2.0
8081,3074,52.0
8083,6248,81.0
8085,9423,161.0
8087,5762,138.0
8089,4328,130.0
8091,890,6.0
8093,2925,20.0
8095,895,19.0
8097,6685,7.0
8099,2655,51.0
8101,47921,803.0
8103,1709,13.0
8105,2869,46.0
8107,6602,25.0
8109,1205,12.0
8111,206,0.0
8113,2332,8.0
8115,490,10.0
8117,10146,14.0
8119,4917,57.0
8121,1069,28.0
8123,86708,703.0
8125,1888,23.0
9001,218540,2735.0
9003,192249,3160.0
9005,34123,462.0
9007,31184,482.0
9009,209847,2844.0
9011,59449,662.0
9013,22595,275.0
9015,27127,305.0
10001,52621,652.0
10003,153780,1427.0
10005,63978,860.0
11001,146520,1342.0
12001,69987,665.0
12003,8744,142.0
12005,46217,827.0
12007,7578,150.0
12009,138165,2100.0
12011,627366,5852.0
12013,4127,98.0
12015,37153,812.0
12017,30414,976.0
12019,54232,856.0
12021,86532,1000.0
12023,21288,402.0
12027,9510,150.0
12029,4056,70.0
12031,257954,3410.0
12033,78587,1311.0
12035,23008,359.0
12037,3097,52.0
12039,13573,207.0
12041,4579,93.0
12043,2007,36.0
12045,4306,79.0
12047,3868,56.0
12049,8742,124.0
12051,11844,160.0
12053,42955,1095.0
12055,24518,686.0
12057,385429,3793.0
12059,5446,87.0
12061,33736,654.0
12063,14927,280.0
12065,3982,61.0
12067,2781,61.0
12069,87622,1501.0
12071,195012,2158.0
12073,86837,663.0
12075,10333,169.0
12077,2528,30.0
12079,5881,97.0
12081,98496,1434.0
12083,84833,2105.0
12085,31455,616.0
12086,1235510,10921.0
12087,18705,119.0
12089,22194,294.0
12091,51966,688.0
12093,10700,183.0
12095,389751,2835.0
12097,117211,1147.0
12099,382945,5059.0
12101,125977,1900.0
12103,216676,3356.0
12105,205295,2991.0
12107,17754,424.0
12113,48905,621.0
12115,93361,1620.0
12117,106994,1096.0
12109,64013,567.0
12111,76157,1221.0
12119,22767,576.0
12121,13028,315.0
12123,7032,101.0
12125,4331,116.0
12127,119858,1988.0
12129,10057,125.0
12131,16689,210.0
12133,6664,110.0
13001,4838,128.0
13003,2219,50.0
13005,3799,78.0
13007,538,15.0
13009,9593,240.0
13011,4001,94.0
13013,22045,256.0
13015,29652,448.0
13017,4346,122.0
13019,4961,83.0
13021,37793,790.0
13023,3355,100.0
13025,4178,109.0
13027,3433,87.0
13029,9245,91.0
13031,15450,264.0
13033,5331,111.0
13035,6567,158.0
13037,1362,22.0
13039,11483,120.0
13043,2194,96.0
13045,23910,461.0
13047,14903,168.0
13049,3065,62.0
13051,64670,889.0
13053,7487,22.0
13055,6700,134.0
13057,64029,632.0
13059,29982,234.0
13061,533,6.0
13063,64897,977.0
13065,2123,42.0
13067,177875,1826.0
13069,10709,281.0
13071,11770,246.0
13073,36490,390.0
13075,4919,75.0
13077,33473,491.0
13079,1783,55.0
13081,4685,137.0
13083,3420,29.0
13085,6987,101.0
13089,154626,1749.0
13087,7269,131.0
13091,5249,154.0
13093,2386,69.0
13095,19930,500.0
13097,35289,405.0
13099,2777,62.0
13101,940,12.0
13103,13348,196.0
13105,4564,109.0
13107,5922,160.0
13109,2373,65.0
13111,5144,161.0
13113,22997,321.0
13115,27543,520.0
13117,56498,402.0
13119,5418,104.0
13121,224280,2350.0
13123,6971,179.0
13125,613,25.0
13127,23461,405.0
13129,16852,270.0
13131,5800,113.0
13133,4001,85.0
13135,211446,1891.0
13137,10198,264.0
13139,54710,845.0
13141,1592,90.0
13143,5458,175.0
13145,6107,113.0
13147,4905,100.0
13149,2183,54.0
13151,58610,688.0
13153,40007,501.0
13155,1926,51.0
13157,21257,292.0
13159,3161,73.0
13161,3950,73.0
13163,3676,113.0
13165,1505,66.0
13167,2260,73.0
13169,5090,109.0
13171,4875,113.0
13173,2284,24.0
13175,13850,300.0
13177,7409,103.0
13179,12477,149.0
13181,1601,35.0
13183,2813,35.0
13185,31250,392.0
13187,7271,132.0
13193,2151,50.0
13195,6963,110.0
13197,1520,51.0
13189,5114,98.0
13191,2481,37.0
13199,4495,145.0
13201,1724,30.0
13205,5263,117.0
13207,5956,174.0
13209,2085,53.0
13211,4717,70.0
13213,11565,190.0
13215,38398,826.0
13217,24911,457.0
13219,8846,106.0
13221,3264,58.0
13223,38574,434.0
13225,6284,134.0
13227,8410,169.0
13229,5701,130.0
13231,5484,98.0
13233,11922,193.0
13235,2186,78.0
13237,4538,106.0
13239,425,4.0
13241,3699,99.0
13243,1493,48.0
13245,50741,897.0
13247,18807,324.0
13249,1177,11.0
13251,2663,70.0
13253,2175,30.0
13255,16018,421.0
13257,6345,159.0
13259,2641,35.0
13261,6854,170.0
13263,1173,32.0
13265,268,3.0
13267,5121,131.0
13269,2007,54.0
13271,3118,85.0
13273,2059,67.0
13275,12092,210.0
13277,11605,218.0
13279,7122,202.0
13281,2401,116.0
13283,1638,61.0
13285,15524,379.0
13287,2576,61.0
13289,1552,70.0
13291,4895,159.0
13293,7810,235.0
13295,17265,245.0
13297,22056,435.0
13299,10168,281.0
13301,1066,30.0
13303,4424,137.0
13305,7820,205.0
13307,441,8.0
13309,1414,39.0
13311,6865,164.0
13313,34147,439.0
13315,2015,71.0
13317,2250,53.0
13319,2257,57.0
13321,4681,119.0
15001,29275,192.0
15003,183391,1072.0
15005,1,0.0
15007,13324,29.0
15009,32790,141.0
16001,135910,1022.0
16003,705,15.0
16005,20961,248.0
16007,937,16.0
16009,2406,41.0
16011,9858,155.0
16013,6088,30.0
16015,1103,14.0
16017,8964,188.0
16019,30987,286.0
16021,2114,62.0
16023,477,9.0
16025,158,2.0
16027,61813,686.0
16029,1496,28.0
16031,5040,52.0
16033,109,1.0
16035,2324,33.0
16037,534,9.0
16039,7299,70.0
16041,2337,29.0
16043,2163,28.0
16045,3687,79.0
16047,3303,55.0
16049,3005,52.0
16051,6050,65.0
16053,6113,65.0
16055,42235,594.0
16057,6845,49.0
16059,1266,25.0
16061,1137,29.0
16063,1107,15.0
16065,12691,50.0
16067,4239,64.0
16069,9003,148.0
16071,809,11.0
16073,2282,53.0
16075,5596,87.0
16077,1498,20.0
16079,2749,76.0
16081,2726,9.0
16083,24177,296.0
16085,2665,16.0
16087,2398,57.0
17001,22593,239.0
17003,1299,15.0
17005,4395,37.0
17007,14304,130.0
17009,2440,21.0
17011,8489,140.0
17013,1546,8.0
17015,4326,49.0
17017,4649,44.0
17019,67830,296.0
17021,10382,131.0
17023,4909,60.0
17025,4766,74.0
17027,12112,122.0
17029,15573,175.0
17031,1211998,14956.0
17033,6272,61.0
17035,3386,49.0
17039,4455,46.0
17037,24944,204.0
17041,6627,61.0
17043,228409,1809.0
17045,5230,79.0
17047,1754,29.0
17049,10729,150.0
17051,7169,104.0
17053,4522,75.0
17055,12297,178.0
17057,10323,135.0
17059,1423,18.0
17061,3679,58.0
17063,13136,140.0
17065,2186,34.0
17067,4434,58.0
17069,1061,20.0
17071,1179,28.0
17073,12990,150.0
17075,7342,118.0
17077,15973,131.0
17079,2693,33.0
17081,11179,176.0
17083,6347,91.0
17085,4138,39.0
17087,4552,46.0
17089,133371,1180.0
17091,29590,374.0
17093,33053,171.0
17095,12817,246.0
17099,30049,442.0
17097,162077,1470.0
17101,5497,52.0
17103,9103,118.0
17105,11006,148.0
17107,10083,100.0
17115,31335,355.0
17117,13048,171.0
17119,72180,866.0
17121,11953,217.0
17123,2823,33.0
17125,4013,61.0
17127,3900,71.0
17109,7338,105.0
17111,80178,511.0
17113,52978,331.0
17129,3588,24.0
17131,4137,47.0
17133,9665,129.0
17135,9901,111.0
17137,9718,144.0
17139,4111,52.0
17141,14379,136.0
17143,48506,555.0
17145,7525,106.0
17147,4604,29.0
17149,5054,70.0
17151,963,8.0
17153,1735,20.0
17155,1175,10.0
17157,10587,133.0
17159,5176,83.0
17161,34092,527.0
17165,7958,112.0
17167,57416,433.0
17169,1992,29.0
17171,1284,12.0
17173,6280,80.0
17163,71158,776.0
17175,1544,33.0
17177,11823,176.0
17179,38080,502.0
17181,5442,69.0
17183,28410,313.0
17185,3742,31.0
17187,4131,87.0
17189,3465,41.0
17191,5332,85.0
17193,4414,59.0
17195,15937,268.0
17197,171761,1618.0
17199,22958,263.0
17201,80104,856.0
17203,10652,124.0
18001,7297,112.0
18003,105135,1190.0
18005,21698,250.0
18007,2515,21.0
18009,3130,69.0
18011,15529,186.0
18013,2615,62.0
18015,4279,69.0
18017,11734,164.0
18019,31786,396.0
18021,6869,88.0
18023,9283,127.0
18025,2566,40.0
18027,7509,154.0
18033,11452,153.0
18029,13604,141.0
18031,7055,147.0
18035,25248,445.0
18037,12925,165.0
18039,54508,736.0
18041,6765,146.0
18043,19305,303.0
18045,5515,104.0
18047,4404,65.0
18049,4940,103.0
18051,11779,144.0
18053,17419,356.0
18055,7299,139.0
18057,84060,663.0
18059,20992,260.0
18061,10934,140.0
18063,41285,554.0
18065,13090,231.0
18067,25644,449.0
18069,11625,157.0
18071,12589,131.0
18073,9219,149.0
18075,4871,78.0
18077,9399,161.0
18079,7007,109.0
18081,43006,615.0
18083,10825,153.0
18085,19916,237.0
18087,5876,102.0
18091,26108,369.0
18089,109555,1840.0
18093,12103,262.0
18095,33000,655.0
18097,228530,3001.0
18099,12462,197.0
18101,2178,25.0
18103,9313,159.0
18105,29088,281.0
18107,10774,165.0
18109,16688,287.0
18111,2606,68.0
18113,13175,158.0
18115,1460,19.0
18117,5068,96.0
18119,5960,121.0
18121,3619,46.0
18123,4688,69.0
18125,3771,50.0
18127,38960,565.0
18129,6601,58.0
18131,3093,86.0
18133,9461,129.0
18135,5925,148.0
18137,8381,138.0
18139,4883,58.0
18143,7965,106.0
18145,13698,182.0
18147,5262,61.0
18141,72216,875.0
18149,4796,99.0
18151,9733,121.0
18153,5313,76.0
18155,2320,20.0
18157,52142,397.0
18159,3548,87.0
18161,2032,21.0
18163,58054,642.0
18165,4146,76.0
18167,29160,416.0
18169,8786,157.0
18171,2113,30.0
18173,20495,239.0
18175,6017,85.0
18177,18962,337.0
18179,6522,132.0
18181,6968,97.0
18183,9778,84.0
19001,1590,50.0
19003,823,14.0
19005,2897,60.0
19007,2935,68.0
19009,1116,20.0
19011,6129,77.0
19013,33308,481.0
19015,5547,54.0
19017,5589,82.0
19019,4650,58.0
19021,6404,58.0
19023,3263,53.0
19025,2610,25.0
19027,4966,66.0
19029,2964,78.0
19031,4232,35.0
19033,11191,170.0
19035,2988,62.0
19037,2707,32.0
19039,2282,37.0
19041,4130,44.0
19043,3518,73.0
19045,11693,146.0
19047,4543,54.0
19049,23452,145.0
19051,1606,33.0
19053,1521,26.0
19055,4067,68.0
19057,9231,139.0
19059,4148,72.0
19061,26449,297.0
19063,2373,52.0
19065,4145,74.0
19067,3616,62.0
19069,2526,42.0
19071,1388,25.0
19073,1749,21.0
19075,2591,44.0
19077,2379,46.0
19079,3489,73.0
19081,2875,48.0
19083,4156,62.0
19085,3442,95.0
19087,5583,74.0
19089,2081,35.0
19091,2642,38.0
19093,1833,49.0
19095,3730,50.0
19097,4661,69.0
19099,8768,111.0
19101,3522,51.0
19103,36174,153.0
19105,5539,73.0
19107,2090,48.0
19109,3793,88.0
19111,7912,142.0
19113,53524,585.0
19115,2507,62.0
19117,1765,32.0
19119,2750,50.0
19121,3186,40.0
19123,4956,87.0
19125,7605,127.0
19127,9536,112.0
19129,3377,41.0
19131,2522,49.0
19133,1730,48.0
19135,1889,49.0
19137,2218,55.0
19139,9751,131.0
19141,3461,71.0
19143,1394,22.0
19145,3340,46.0
19147,2053,38.0
19149,6339,100.0
19151,1613,27.0
19153,127165,1106.0
19155,24406,319.0
19157,3778,61.0
19159,1135,34.0
19161,2420,33.0
19163,41722,395.0
19165,2726,50.0
19167,7993,87.0
19169,20060,90.0
19171,3945,91.0
19173,1318,22.0
19175,2725,51.0
19177,1384,27.0
19179,9020,205.0
19181,12637,134.0
19183,5693,79.0
19185,1275,33.0
19187,10430,164.0
19189,3000,47.0
19191,3935,50.0
19193,28892,339.0
19195,1783,17.0
19197,3634,63.0
20001,3997,56.0
20003,2138,32.0
20005,4332,35.0
20007,1046,9.0
20009,6508,103.0
20011,4394,56.0
20013,2739,48.0
20015,19128,194.0
20017,674,7.0
20019,846,18.0
20021,6162,86.0
20023,653,14.0
20025,504,8.0
20027,1987,37.0
20029,2221,40.0
20031,2442,44.0
20033,441,17.0
20035,10217,158.0
20037,11995,131.0
20039,621,20.0
20041,4821,83.0
20043,2457,34.0
20045,27670,141.0
20047,557,12.0
20049,571,11.0
20051,7167,85.0
20053,2016,31.0
20055,11549,117.0
20057,10633,116.0
20059,7032,88.0
20061,9279,77.0
20063,791,23.0
20065,575,15.0
20067,2265,36.0
20069,1236,23.0
20071,331,3.0
20073,1807,27.0
20075,464,3.0
20077,1655,28.0
20079,9645,124.0
20081,964,12.0
20083,411,10.0
20085,3912,30.0
20087,4840,64.0
20089,789,15.0
20091,149591,1221.0
20093,1237,21.0
20095,1967,28.0
20097,668,7.0
20099,6637,78.0
20101,296,12.0
20103,19684,192.0
20105,623,11.0
20107,2829,32.0
20109,844,13.0
20111,10144,123.0
20115,3339,43.0
20117,2564,42.0
20113,7944,128.0
20119,1221,21.0
20121,7895,96.0
20123,1431,24.0
20125,9454,161.0
20127,1513,30.0
20129,623,12.0
20131,3246,60.0
20133,5173,67.0
20135,780,19.0
20137,2153,37.0
20139,3955,56.0
20141,804,19.0
20143,1212,21.0
20145,2146,24.0
20147,1359,30.0
20149,5805,59.0
20151,1933,33.0
20153,685,9.0
20155,18653,241.0
20157,1356,19.0
20159,2616,25.0
20161,13740,86.0
20163,1385,20.0
20165,808,18.0
20167,1883,38.0
20169,14183,248.0
20171,1280,34.0
20173,145703,1450.0
20175,6916,61.0
20177,49021,644.0
20179,786,18.0
20181,1514,22.0
20183,646,8.0
20185,1140,26.0
20187,427,9.0
20189,1465,21.0
20191,5731,74.0
20193,2399,28.0
20195,756,10.0
20197,1646,23.0
20199,438,7.0
20201,1409,23.0
20203,493,8.0
20205,2832,48.0
20207,796,16.0
20209,47484,508.0
21001,5933,107.0
21003,6622,108.0
21005,6647,71.0
21007,1403,30.0
21009,13049,221.0
21011,3218,48.0
21013,8877,150.0
21015,40261,299.0
21017,6031,60.0
21019,16447,178.0
21021,8509,133.0
21023,2196,26.0
21025,3814,54.0
21027,5204,79.0
21029,21951,225.0
21031,3875,54.0
21033,4164,61.0
21035,8477,94.0
21037,25270,181.0
21039,1081,20.0
21041,3506,45.0
21043,8702,107.0
21045,4223,75.0
21047,16381,211.0
21049,10805,70.0
21051,7872,92.0
21053,3680,52.0
21055,2298,50.0
21057,2241,33.0
21059,31238,391.0
21061,2563,47.0
21063,2601,19.0
21065,4123,50.0
21067,96655,613.0
21069,3977,60.0
21071,12613,211.0
21073,13979,154.0
21075,1220,32.0
21077,2222,51.0
21079,4833,78.0
21081,7888,62.0
21083,11374,181.0
21085,8043,134.0
21087,3762,45.0
21089,12172,147.0
21091,2510,25.0
21093,33089,437.0
21095,9236,211.0
21097,6434,77.0
21099,5436,102.0
21101,14011,168.0
21103,4875,53.0
21105,883,27.0
21107,15004,255.0
21109,4294,81.0
21111,238547,2366.0
21113,15347,141.0
21115,6192,119.0
21117,46503,420.0
21119,4242,64.0
21121,11544,147.0
21123,3751,73.0
21125,20368,244.0
21127,4519,70.0
21129,2955,52.0
21131,3724,49.0
21133,7149,115.0
21135,4537,86.0
21137,6520,137.0
21139,2492,61.0
21141,8378,126.0
21143,2894,35.0
21151,27944,280.0
21153,3959,51.0
21155,6446,85.0
21157,8444,114.0
21159,3318,49.0
21161,5038,106.0
21145,18625,265.0
21147,5730,83.0
21149,2636,53.0
21163,5849,66.0
21165,1722,32.0
21167,7428,106.0
21169,2882,64.0
21171,3628,78.0
21173,8403,108.0
21175,5278,30.0
21177,10213,121.0
21179,14572,153.0
21181,2111,32.0
21183,7324,104.0
21185,18658,145.0
21187,2377,34.0
21189,1575,27.0
21191,3502,39.0
21193,11062,178.0
21195,19160,308.0
21197,4797,44.0
21199,18184,293.0
21201,672,21.0
21203,5072,61.0
21205,6769,69.0
21207,6461,87.0
21209,17828,110.0
21211,13484,162.0
21213,5661,95.0
21215,5409,59.0
21217,9505,125.0
21219,2996,44.0
21221,4030,45.0
21223,2226,40.0
21225,4343,57.0
21227,43199,375.0
21229,3977,62.0
21231,6119,93.0
21233,3923,49.0
21235,14400,200.0
21237,2534,28.0
21239,7037,50.0
22001,15928,294.0
22003,7889,141.0
22005,35135,293.0
22007,5599,70.0
22009,11632,208.0
22011,9289,143.0
22013,3995,111.0
22015,37791,493.0
22017,67728,1157.0
22019,54989,707.0
22021,3626,55.0
22023,1200,8.0
22025,2704,55.0
22027,3281,78.0
22029,5119,89.0
22031,7375,135.0
22033,112312,1348.0
22035,2538,38.0
22037,7327,170.0
22039,8420,160.0
22041,7361,178.0
22043,5871,94.0
22045,19212,263.0
22047,9078,153.0
22049,4412,76.0
22051,116332,1347.0
22053,6957,157.0
22059,4282,61.0
22055,63142,501.0
22057,28021,373.0
22061,12283,144.0
22063,37358,467.0
22065,3267,59.0
22067,6878,134.0
22069,10172,167.0
22071,91651,1110.0
22073,50849,755.0
22075,6575,46.0
22077,6325,93.0
22079,32851,577.0
22081,2115,53.0
22083,6741,98.0
22085,6353,113.0
22087,11528,111.0
22089,14007,145.0
22091,1929,23.0
22093,5840,77.0
22095,10688,184.0
22097,22351,415.0
22099,13051,189.0
22101,12575,263.0
22103,73564,852.0
22105,35028,599.0
22107,989,11.0
22109,31120,419.0
22111,6941,135.0
22113,15373,224.0
22115,9955,191.0
22117,13030,251.0
22119,11215,186.0
22121,7356,90.0
22123,3635,66.0
22125,2842,46.0
22127,4458,64.0
23001,23475,285.0
23003,14694,166.0
23005,53569,367.0
23007,6074,60.0
23009,8125,87.0
23011,25090,241.0
23013,6505,38.0
23015,5650,35.0
23017,11960,148.0
23019,30153,331.0
23021,3142,31.0
23023,5617,33.0
23025,10309,110.0
23027,6573,58.0
23029,4621,57.0
23031,42678,291.0
24001,17402,363.0
24003,94263,1082.0
24005,138364,2490.0
24510,118603,1784.0
24009,11606,146.0
24011,6199,80.0
24013,22501,409.0
24015,16114,259.0
24017,29414,353.0
24019,7901,108.0
24021,47526,525.0
24023,5793,116.0
24025,39943,582.0
24027,47185,378.0
24029,3173,66.0
24031,182185,2048.0
24033,177477,2168.0
24035,7319,110.0
24039,5295,74.0
24037,19553,217.0
24041,5788,88.0
24043,35574,586.0
24045,20206,329.0
24047,8902,160.0
25001,38323,587.0
25003,27033,380.0
25005,156691,2172.0
25007,3630,0.0
25009,217157,2774.0
25011,11607,141.0
25013,141196,1812.0
25015,31596,358.0
25017,359518,4015.0
25019,3497,0.0
25021,143763,1908.0
25023,121604,1690.0
25025,229247,2011.0
25027,204416,2608.0
26001,1753,71.0
26003,1893,13.0
26005,27665,351.0
26007,5854,139.0
26009,4518,67.0
26011,3279,68.0
26013,2234,54.0
26015,14620,170.0
26017,27745,590.0
26019,3554,69.0
26021,35596,564.0
26023,12302,208.0
26025,35246,577.0
26027,11247,145.0
26029,5069,60.0
26031,4854,104.0
26033,11955,120.0
26035,6877,157.0
26037,22236,208.0
26039,2670,31.0
26041,10140,157.0
26043,7536,110.0
26045,27861,403.0
26047,6678,87.0
26049,104674,1723.0
26051,5661,115.0
26053,3328,69.0
26055,18058,237.0
26057,13925,191.0
26059,10523,204.0
26061,8042,92.0
26063,8207,146.0
26065,67283,771.0
26067,19964,182.0
26069,4930,145.0
26071,2687,87.0
26073,16014,214.0
26075,45893,591.0
26077,61464,676.0
26079,3674,61.0
26081,171766,1537.0
26083,532,14.0
26085,1911,37.0
26087,21253,427.0
26089,3731,55.0
26091,26882,331.0
26093,48222,452.0
26095,2319,14.0
26097,2521,31.0
26099,242127,3975.0
26101,4596,93.0
26103,16519,131.0
26105,6922,96.0
26107,8855,108.0
26109,5731,70.0
26111,19680,226.0
26113,2970,61.0
26115,39689,478.0
26117,17450,218.0
26119,1758,48.0
26121,42791,650.0
26123,11692,159.0
26125,305484,3859.0
26127,6471,90.0
26129,4399,106.0
26131,1015,38.0
26133,5097,80.0
26135,1467,56.0
26137,5849,101.0
26139,76822,786.0
26141,2119,58.0
26143,4733,115.0
26145,51932,958.0
26151,8877,194.0
26153,1786,16.0
26155,18308,232.0
26147,42024,837.0
26149,13864,209.0
26157,13437,277.0
26159,17462,273.0
26161,85159,524.0
26163,422898,7983.0
26165,7239,107.0
27001,3072,62.0
27003,101508,799.0
27005,9000,94.0
27007,12237,128.0
27009,14396,174.0
27011,1428,9.0
27013,18431,101.0
27015,6676,81.0
27017,9358,98.0
27019,27706,117.0
27021,7170,81.0
27023,3146,48.0
27025,14943,120.0
27027,20254,124.0
27029,2177,30.0
27031,599,4.0
27033,3258,41.0
27035,16392,170.0
27037,114731,777.0
27039,5929,21.0
27041,11211,117.0
27043,3875,52.0
27045,4963,24.0
27047,9294,75.0
27049,13705,137.0
27051,1513,12.0
27053,316916,2598.0
27055,4691,19.0
27057,5037,59.0
27059,10341,117.0
27061,11337,146.0
27063,2173,17.0
27065,3598,57.0
27067,13728,139.0
27069,1054,27.0
27071,2841,37.0
27073,1775,29.0
27075,2161,28.0
27077,788,6.0
27079,6622,51.0
27081,1224,6.0
27083,7161,74.0
27087,1816,18.0
27089,2133,24.0
27091,5713,65.0
27085,10850,108.0
27093,6043,75.0
27095,7412,114.0
27097,9331,105.0
27099,12133,74.0
27101,2047,16.0
27103,8385,66.0
27105,6991,60.0
27107,1549,14.0
27109,44160,185.0
27111,13849,167.0
27113,3722,41.0
27115,7261,67.0
27117,2018,34.0
27119,8998,107.0
27121,3154,17.0
27123,130467,1353.0
27125,957,13.0
27127,3995,54.0
27129,3808,56.0
27131,18482,176.0
27133,2349,34.0
27135,4546,44.0
27139,41581,262.0
27141,27806,181.0
27143,3622,24.0
27137,49335,534.0
27145,52003,368.0
27147,10714,62.0
27149,2695,13.0
27151,2326,33.0
27153,6938,58.0
27155,877,10.0
27157,5845,19.0
27159,4288,55.0
27161,5623,39.0
27163,69834,484.0
27165,2996,23.0
27167,1667,22.0
27169,13279,73.0
27171,37410,305.0
27173,2601,29.0
28001,7303,143.0
28003,10090,161.0
28005,3271,69.0
28007,5397,113.0
28009,2277,49.0
28011,9367,179.0
28013,4642,71.0
28015,2571,54.0
28017,5611,96.0
28019,2365,33.0
28021,2161,46.0
28023,4253,108.0
28025,4982,98.0
28027,6512,126.0
28029,7356,121.0
28031,7106,113.0
28033,50610,554.0
28035,22142,316.0
28037,1929,38.0
28039,7189,87.0
28041,3206,59.0
28043,5546,131.0
28045,12333,152.0
28047,54026,666.0
28049,52980,791.0
28051,4459,104.0
28053,2031,46.0
28055,262,9.0
28057,7437,144.0
28059,37187,463.0
28061,5012,75.0
28063,1505,37.0
28065,2875,53.0
28067,21262,295.0
28069,2193,48.0
28071,15438,179.0
28073,17464,160.0
28075,18986,367.0
28077,3600,56.0
28079,6448,120.0
28081,26868,301.0
28083,7339,169.0
28085,8368,157.0
28087,17542,238.0
28089,24316,329.0
28091,6989,135.0
28093,9972,175.0
28095,11010,220.0
28097,2967,77.0
28099,10638,241.0
28101,6096,98.0
28103,2733,48.0
28105,11168,162.0
28107,10590,169.0
28109,15239,275.0
28111,3051,64.0
28113,9773,189.0
28115,10387,145.0
28117,8253,103.0
28119,1582,31.0
28121,36861,489.0
28123,6590,119.0
28125,954,26.0
28127,7041,149.0
28129,4151,69.0
28131,5428,71.0
28133,5778,125.0
28135,3219,60.0
28137,7440,143.0
28139,7381,109.0
28141,6179,122.0
28143,2572,48.0
28145,9507,122.0
28147,3635,80.0
28149,10308,202.0
28151,10499,199.0
28153,6013,87.0
28155,3391,70.0
28157,1809,46.0
28159,5244,104.0
28161,4157,57.0
28163,8060,107.0
29001,6095,63.0
29003,4841,58.0
29005,1387,23.0
29007,5721,111.0
29009,6665,132.0
29011,2862,52.0
29013,3772,96.0
29015,4264,107.0
29017,2642,41.0
29019,45334,255.0
29021,24863,318.0
29023,10213,169.0
29025,1708,39.0
29027,12178,131.0
29029,9342,181.0
29031,18970,247.0
29033,2235,44.0
29035,1500,24.0
29037,25332,315.0
29039,2939,57.0
29041,1720,38.0
29043,21021,263.0
29045,1615,37.0
29047,27539,363.0
29049,4837,121.0
29051,20255,287.0
29053,4143,77.0
29055,5438,105.0
29057,1451,42.0
29059,3837,72.0
29061,1735,30.0
29063,2228,47.0
29065,3274,83.0
29067,2564,80.0
29069,7880,117.0
29071,25986,373.0
29073,3403,102.0
29075,2173,31.0
29077,71985,1040.0
29079,2555,69.0
29081,1881,33.0
29083,5766,86.0
29085,1846,56.0
29087,1064,30.0
29089,2526,30.0
29091,9217,215.0
29093,2203,44.0
29095,97593,1218.0
29097,20918,317.0
29099,54818,657.0
29101,12296,143.0
29103,992,14.0
29105,8111,176.0
29107,7866,134.0
29109,7816,164.0
29111,2801,36.0
29113,15247,139.0
29115,2567,65.0
29117,3771,97.0
29121,3659,59.0
29123,3623,57.0
29125,1615,39.0
29127,8097,118.0
29119,5813,73.0
29129,708,14.0
29131,6131,124.0
29133,3530,59.0
29135,3844,57.0
29137,2182,43.0
29139,2531,57.0
29141,4057,115.0
29143,5044,86.0
29145,11801,206.0
29147,6101,45.0
29149,2026,33.0
29151,3233,46.0
29153,1735,58.0
29155,3033,74.0
29157,5076,46.0
29159,12404,169.0
29161,10375,243.0
29163,4278,63.0
29165,10637,102.0
29167,8081,108.0
29169,8948,116.0
29171,1014,24.0
29173,2478,28.0
29175,6071,103.0
29177,5248,94.0
29179,1167,26.0
29181,2699,61.0
29195,6299,107.0
29197,742,26.0
29199,680,18.0
29201,11143,161.0
29203,1609,40.0
29205,1604,15.0
29183,104780,939.0
29185,2104,36.0
29187,19157,297.0
29189,229868,3346.0
29510,58723,783.0
29186,3701,39.0
29207,6142,131.0
29209,5861,122.0
29211,1716,22.0
29213,13418,226.0
29215,4737,103.0
29217,5117,109.0
29219,8241,102.0
29221,6040,141.0
29223,2406,53.0
29225,9065,148.0
29227,409,3.0
29229,3853,84.0
30001,2140,30.0
30003,4983,97.0
30005,2076,32.0
30007,1284,21.0
30009,2089,28.0
30011,253,5.0
30013,25307,343.0
30015,992,14.0
30017,3062,48.0
30019,386,9.0
30021,2359,58.0
30023,2570,29.0
30025,681,10.0
30027,2515,56.0
30029,29419,281.0
30031,35317,122.0
30033,226,3.0
30035,3991,74.0
30037,150,5.0
30039,537,9.0
30041,4584,73.0
30043,2609,23.0
30045,226,1.0
30047,6650,100.0
30049,17776,185.0
30051,398,4.0
30053,4796,89.0
30057,1831,20.0
30055,383,9.0
30059,416,10.0
30061,1102,17.0
30063,27857,209.0
30065,918,31.0
30067,4298,35.0
30069,35,1.0
30071,1060,28.0
30073,1187,8.0
30075,348,10.0
30077,1870,29.0
30079,263,3.0
30081,7112,164.0
30083,2654,35.0
30085,3279,74.0
30087,2639,60.0
30089,2168,47.0
30091,699,11.0
30093,8529,130.0
30095,1539,32.0
30097,788,13.0
30099,1292,24.0
30101,1251,24.0
30103,134,1.0
30105,1716,37.0
30107,386,14.0
30109,205,8.0
30111,43215,552.0
31001,6563,73.0
31003,1082,14.0
31005,31,1.0
31007,87,2.0
31009,67,3.0
31011,1074,5.0
31013,2253,17.0
31015,403,7.0
31017,516,4.0
31019,11970,103.0
31021,1332,16.0
31023,1927,18.0
31025,6155,42.0
31027,1482,14.0
31029,751,7.0
31031,547,10.0
31033,1989,24.0
31035,1513,24.0
31037,2696,27.0
31039,1833,15.0
31041,2020,30.0
31043,6857,82.0
31045,1355,21.0
31047,5280,44.0
31049,315,2.0
31051,1204,11.0
31053,10173,108.0
31055,152119,1120.0
31057,335,6.0
31059,1152,13.0
31061,414,12.0
31063,544,3.0
31065,1127,8.0
31067,3573,44.0
31069,376,1.0
31071,402,2.0
31073,381,7.0
31075,100,5.0
31077,418,2.0
31079,16162,140.0
31081,2282,24.0
31083,348,3.0
31085,97,0.0
31087,544,8.0
31089,2184,20.0
31091,113,5.0
31093,1181,15.0
31095,1218,7.0
31097,874,10.0
31099,1182,9.0
31101,1534,20.0
31103,119,0.0
31105,752,9.0
31107,1668,13.0
31109,78887,441.0
31111,8722,110.0
31113,138,0.0
31115,79,0.0
31119,9676,69.0
31117,68,1.0
31121,1723,17.0
31123,1145,21.0
31125,775,12.0
31127,1341,20.0
31129,982,13.0
31131,3367,19.0
31133,415,4.0
31135,527,12.0
31137,2312,14.0
31139,1260,21.0
31141,8588,75.0
31143,1199,18.0
31145,2328,20.0
31147,1775,24.0
31149,179,2.0
31151,3786,12.0
31153,50166,277.0
31155,5027,30.0
31157,9450,102.0
31159,3327,42.0
31161,972,23.0
31163,582,4.0
31165,68,1.0
31167,652,11.0
31169,1112,8.0
31171,99,1.0
31173,1744,23.0
31175,732,6.0
31177,4587,45.0
31179,1848,11.0
31181,708,11.0
31183,123,2.0
31185,3925,21.0
32510,15124,219.0
32001,6607,111.0
32003,547316,8481.0
32005,7469,92.0
32007,11688,138.0
32009,108,3.0
32011,165,2.0
32013,2513,54.0
32015,1184,21.0
32017,550,8.0
32019,10199,174.0
32021,1269,17.0
32023,7532,241.0
32027,2131,29.0
32029,134,11.0
32031,106580,1203.0
32033,1693,20.0
33001,14349,181.0
33003,10022,62.0
33005,15931,114.0
33007,7233,113.0
33009,19580,68.0
33011,103143,919.0
33013,33828,233.0
33015,71450,548.0
33017,31428,211.0
33019,9843,67.0
34001,71418,1002.0
34003,243645,3465.0
34005,108672,1214.0
34007,132017,1810.0
34009,23221,304.0
34011,40717,608.0
34013,225470,3615.0
34015,72885,968.0
34017,181647,2726.0
34019,26535,276.0
34021,82495,1265.0
34023,207811,2880.0
34025,174867,2185.0
34027,128195,1553.0
34029,170352,2985.0
34031,151574,2340.0
34033,14819,250.0
34035,73863,978.0
34037,36028,476.0
34039,152859,2360.0
34041,25192,343.0
35001,150800,1864.0
35003,422,15.0
35005,21799,329.0
35006,8096,192.0
35007,2711,66.0
35009,12855,199.0
35011,594,6.0
35013,64256,783.0
35015,17094,285.0
35017,6818,92.0
35019,1487,17.0
35021,85,4.0
35023,1104,15.0
35025,20187,348.0
35027,5309,68.0
35028,2921,16.0
35029,6742,130.0
35031,26058,591.0
35033,780,18.0
35035,15643,188.0
35037,2013,55.0
35039,10150,136.0
35041,5031,98.0
35045,41078,761.0
35047,5964,64.0
35043,34421,443.0
35049,29931,290.0
35051,2060,75.0
35053,3861,89.0
35055,5464,91.0
35057,3169,56.0
35059,1011,16.0
35061,19349,277.0
36001,64794,530.0
36003,9399,155.0
36007,49756,525.0
36009,16377,222.0
36011,17540,155.0
36013,25042,302.0
36015,22875,234.0
36017,9998,122.0
36019,18350,91.0
36021,11042,143.0
36023,11464,121.0
36025,8413,74.0
36027,68141,659.0
36029,231233,2660.0
36031,6235,61.0
36033,10187,46.0
36035,13617,170.0
36037,14596,188.0
36039,9240,130.0
36041,926,5.0
36043,14974,194.0
36045,21788,139.0
36049,6496,49.0
36051,12483,118.0
36053,14473,128.0
36055,165840,1596.0
36057,12661,205.0
36059,432920,3860.0
36063,51982,587.0
36065,59065,809.0
36067,122895,1079.0
36069,21869,182.0
36071,112799,956.0
36073,9229,117.0
36075,29108,196.0
36077,10885,92.0
36079,25299,125.0
36083,34483,263.0
36087,97345,902.0
36091,50954,340.0
36093,36162,306.0
36095,5438,36.0
36097,3778,26.0
36099,6461,92.0
36089,22678,191.0
36101,21535,254.0
36103,451760,4415.0
36105,19559,130.0
36107,11869,85.0
36109,21606,86.0
36111,34457,366.0
36113,15122,129.0
36115,13130,116.0
36117,18700,179.0
36119,268978,2724.0
36121,8803,85.0
36123,3763,40.0
37001,48164,488.0
37003,10503,139.0
37005,2990,16.0
37007,6600,101.0
37009,6507,78.0
37011,4643,44.0
37013,12777,172.0
37015,4296,68.0
37017,9416,127.0
37019,30895,332.0
37021,54868,594.0
37023,25494,328.0
37025,57081,494.0
37027,22485,308.0
37029,1801,9.0
37031,14339,125.0
37033,5412,48.0
37035,48174,600.0
37037,13468,114.0
37039,7145,121.0
37041,4194,61.0
37043,2645,44.0
37045,29869,388.0
37047,16036,269.0
37049,24972,207.0
37051,88602,631.0
37053,5094,36.0
37055,7665,27.0
37057,43821,426.0
37059,11412,104.0
37061,16954,246.0
37063,78061,338.0
37065,13683,154.0
37067,95219,823.0
37069,20963,79.0
37071,66212,851.0
37073,1937,20.0
37075,2321,31.0
37077,14672,115.0
37079,5852,67.0
37081,122907,1210.0
37083,14121,187.0
37085,33992,339.0
37087,13267,221.0
37089,25463,316.0
37091,4801,84.0
37093,15178,116.0
37095,1357,13.0
37097,49279,466.0
37099,9849,96.0
37101,60745,452.0
37103,2245,39.0
37105,16205,150.0
37107,15875,220.0
37109,24675,174.0
37113,8005,121.0
37115,5232,81.0
37117,6130,93.0
37111,13903,176.0
37119,287837,1623.0
37121,3490,37.0
37123,7333,129.0
37125,24769,325.0
37127,26628,309.0
37129,51758,394.0
37131,4372,84.0
37133,52620,378.0
37135,28744,134.0
37137,2653,28.0
37139,8607,125.0
37141,15493,128.0
37143,2789,24.0
37145,9539,109.0
37147,53125,223.0
37149,3932,64.0
37151,36053,444.0
37153,12980,192.0
37155,40920,538.0
37157,22343,293.0
37159,41797,581.0
37161,17640,403.0
37163,18955,183.0
37165,10181,132.0
37167,19501,262.0
37169,11405,181.0
37171,21318,350.0
37173,3756,43.0
37175,6237,75.0
37177,992,8.0
37179,63199,490.0
37181,12020,122.0
37183,305812,1121.0
37185,4414,46.0
37187,3071,50.0
37189,12964,68.0
37191,31690,404.0
37193,17712,266.0
37195,21990,316.0
37197,11115,121.0
37199,5414,57.0
38001,598,10.0
38003,3037,47.0
38005,1980,23.0
38007,145,1.0
38009,1603,26.0
38011,828,9.0
38013,433,3.0
38015,35196,303.0
38017,60286,333.0
38019,824,7.0
38021,1498,39.0
38023,461,4.0
38025,1044,8.0
38027,762,6.0
38029,728,18.0
38031,993,23.0
38033,476,4.0
38035,22574,125.0
38037,451,11.0
38039,584,2.0
38041,828,8.0
38043,511,13.0
38045,1017,20.0
38047,436,12.0
38049,1343,31.0
38051,688,9.0
38053,3275,25.0
38055,2746,49.0
38057,2583,24.0
38059,11287,142.0
38061,3259,37.0
38063,771,18.0
38065,329,5.0
38067,2016,16.0
38069,1065,32.0
38071,3651,57.0
38073,1530,28.0
38075,557,15.0
38077,4119,23.0
38079,6149,43.0
38081,1040,9.0
38083,300,7.0
38085,1353,19.0
38087,63,0.0
38089,11704,86.0
38091,388,2.0
38093,7133,97.0
38095,651,12.0
38097,2210,26.0
38099,3383,34.0
38101,20933,251.0
38103,1019,12.0
38105,10507,68.0
69100,415,0.0
69110,10397,33.0
69120,341,0.0
39001,7038,150.0
39003,27742,478.0
39005,12165,218.0
39007,20771,431.0
39009,14923,143.0
39011,11672,189.0
39013,15877,309.0
39015,11289,180.0
39017,94398,1158.0
39019,5311,126.0
39021,8848,147.0
39023,35365,586.0
39025,52311,561.0
39027,10454,168.0
39029,24805,488.0
39031,8037,160.0
39033,11323,215.0
39035,279126,3803.0
39037,12469,239.0
39039,10312,166.0
39041,46007,272.0
39043,19878,267.0
39045,39264,430.0
39047,7876,122.0
39049,298584,2613.0
39051,10489,180.0
39053,7616,127.0
39055,16568,265.0
39057,38276,513.0
39059,10612,152.0
39061,192228,2069.0
39063,17322,277.0
39065,7161,158.0
39067,3274,74.0
39069,6525,106.0
39071,10705,184.0
39073,6755,123.0
39075,5145,183.0
39077,14697,222.0
39079,9040,141.0
39081,14998,322.0
39083,13415,228.0
39085,50356,737.0
39087,18174,257.0
39089,42504,475.0
39091,10378,173.0
39093,69212,983.0
39095,104600,1419.0
39097,9805,137.0
39099,54409,1089.0
39101,20204,268.0
39103,41214,507.0
39105,4712,88.0
39107,9731,144.0
39109,26013,485.0
39111,3514,82.0
39113,128747,2020.0
39115,3294,60.0
39117,7889,103.0
39119,25604,294.0
39121,3230,58.0
39123,8689,138.0
39125,4650,74.0
39127,8390,125.0
39129,17739,231.0
39131,7526,123.0
39133,35381,450.0
39135,9515,202.0
39137,8514,157.0
39139,31966,511.0
39141,19464,301.0
39143,14088,239.0
39145,20872,257.0
39147,12922,231.0
39149,11127,188.0
39151,81340,1718.0
39153,116331,1710.0
39155,42393,942.0
39157,20833,506.0
39159,16072,102.0
39161,6790,148.0
39163,2930,55.0
39165,58850,585.0
39167,12441,207.0
39169,23558,439.0
39171,9134,164.0
39173,32341,355.0
39175,5460,105.0
40001,8011,75.0
40003,1717,16.0
40005,3930,54.0
40007,969,11.0
40009,5983,106.0
40011,2466,44.0
40013,13698,137.0
40015,8282,172.0
40017,39983,392.0
40019,14380,239.0
40021,14560,151.0
40023,4055,64.0
40025,566,7.0
40027,79895,823.0
40029,1677,24.0
40031,33188,400.0
40033,1465,31.0
40035,4787,55.0
40037,18275,338.0
40039,7956,169.0
40041,11114,203.0
40043,1064,32.0
40045,781,9.0
40047,15252,295.0
40049,7075,149.0
40051,13786,246.0
40053,1036,16.0
40055,1296,37.0
40057,523,12.0
40059,715,12.0
40061,2795,41.0
40063,2588,62.0
40065,6574,108.0
40067,1340,27.0
40069,3045,55.0
40071,12339,217.0
40073,4184,71.0
40075,1966,53.0
40077,2274,35.0
40079,12534,107.0
40081,7904,141.0
40083,10953,160.0
40085,3110,39.0
40093,2458,41.0
40095,4608,46.0
40097,10418,163.0
40087,11795,137.0
40089,8121,166.0
40091,4869,125.0
40099,4168,77.0
40101,20008,348.0
40103,3050,41.0
40105,2784,42.0
40107,3533,62.0
40109,200640,2478.0
40111,9688,188.0
40113,10976,167.0
40115,9221,127.0
40117,4127,85.0
40119,18509,166.0
40121,10789,211.0
40123,12147,151.0
40125,20741,284.0
40127,2678,45.0
40129,893,16.0
40131,25508,390.0
40133,6146,135.0
40135,10652,106.0
40137,11377,205.0
40139,5998,54.0
40141,1536,35.0
40143,172993,2185.0
40145,21977,277.0
40147,12740,262.0
40149,2642,55.0
40151,2353,38.0
40153,5179,76.0
41001,3244,49.0
41003,16563,71.0
41005,65048,635.0
41007,4867,50.0
41009,8121,95.0
41011,10930,153.0
41013,6214,80.0
41015,3413,54.0
41017,48685,288.0
41019,20212,397.0
41021,285,5.0
41023,1714,21.0
41025,1630,38.0
41027,3741,44.0
41029,43883,540.0
41031,7377,93.0
41033,16733,339.0
41035,14351,222.0
41037,1434,29.0
41039,60890,545.0
41041,7332,85.0
41043,27483,269.0
41045,8265,108.0
41047,71350,723.0
41049,2982,34.0
41051,126733,1211.0
41053,15969,134.0
41055,322,6.0
41057,3887,63.0
41059,22601,225.0
41061,5092,80.0
41063,1271,16.0
41065,5278,63.0
41067,93087,596.0
41069,246,3.0
41071,18488,222.0
42001,25334,364.0
42003,274948,3327.0
42005,15486,344.0
42007,40962,747.0
42009,11083,275.0
42011,104528,1597.0
42013,30073,618.0
42015,16521,208.0
42017,127918,1913.0
42019,45498,744.0
42021,35152,733.0
42023,832,21.0
42025,16324,294.0
42027,36326,352.0
42029,96193,1164.0
42031,8371,202.0
42033,19677,348.0
42035,9254,127.0
42037,15662,247.0
42039,20281,320.0
42041,52158,897.0
42043,60233,966.0
42045,114823,1875.0
42047,7260,101.0
42049,58977,762.0
42051,31484,674.0
42053,2255,35.0
42055,40991,696.0
42057,4172,65.0
42059,8549,105.0
42061,11653,249.0
42063,17807,358.0
42065,9179,237.0
42067,4811,177.0
42069,45872,777.0
42071,123647,1894.0
42073,19213,418.0
42075,37226,519.0
42077,92457,1253.0
42079,76284,1372.0
42081,29139,524.0
42083,8371,141.0
42085,23744,498.0
42087,12395,276.0
42089,38265,525.0
42091,160491,2331.0
42093,4686,93.0
42095,82669,1100.0
42097,23349,537.0
42099,8908,186.0
42101,320367,5115.0
42103,10691,98.0
42105,3292,92.0
42107,35072,676.0
42109,8191,158.0
42111,18879,408.0
42113,1104,36.0
42115,8293,110.0
42117,8373,193.0
42119,11910,154.0
42121,11493,242.0
42123,7607,212.0
42125,52152,655.0
42127,10580,172.0
42129,81605,1380.0
42131,5343,106.0
42133,121217,1505.0
72001,3058,
72003,8039,
72005,9157,
72007,4963,
72009,4494,
72011,4748,
72013,15838,
72015,2993,
72017,4337,
72019,5839,
72021,41414,
72023,7111,
72025,26531,
72027,6361,
72029,7847,
72031,33716,
72033,4954,
72035,7726,
72037,1852,
72039,3167,
72041,7586,
72043,6574,
72045,3575,
72047,7550,
72049,282,
72051,8147,
72053,5691,
72054,3014,
72055,1964,
72057,6771,
72059,3069,
72061,19361,
72063,9152,
72065,6626,
72067,2676,
72069,9820,
72071,8088,
72073,3091,
72075,8291,
72077,7714,
72079,3617,
72081,5474,
72083,1573,
72085,6777,
72087,3986,
72089,3054,
72091,7496,
72093,807,
72095,1781,
72097,12562,
72099,7622,
72101,5851,
72103,4167,
72105,6102,
72107,3753,
72109,3008,
72111,3039,
72113,23562,
72115,5069,
72117,2715,
72119,9035,
72121,3299,
72123,4505,
72125,4968,
72127,69756,
72129,6879,
72131,7667,
72133,3597,
72135,14405,
72137,15467,
72139,12238,
72141,4362,
72143,7486,
72145,12409,
72147,982,
72149,4372,
72151,5836,
72153,5895,
44001,14662,170.0
44003,51791,514.0
44005,21647,94.0
44007,232239,2545.0
44009,34877,226.0
45001,6662,69.0
45003,41883,437.0
45005,2093,24.0
45007,58170,998.0
45009,3461,75.0
45011,5843,103.0
45013,43758,380.0
45015,52462,450.0
45017,2805,61.0
45019,113927,945.0
45021,14788,322.0
45023,10150,153.0
45025,11860,191.0
45027,8805,159.0
45029,8940,221.0
45031,18982,311.0
45033,9763,144.0
45035,56586,496.0
45037,6794,71.0
45039,6025,107.0
45041,41946,631.0
45043,16005,227.0
45045,173793,2008.0
45047,22664,305.0
45049,5036,86.0
45051,98177,1159.0
45053,5942,93.0
45055,21710,261.0
45057,25389,281.0
45059,18696,295.0
45061,4286,95.0
45063,97004,872.0
45067,8576,163.0
45069,7908,105.0
45065,2252,40.0
45071,13398,195.0
45073,24423,343.0
45075,23499,420.0
45077,46224,632.0
45079,124288,947.0
45081,3971,78.0
45083,95571,1548.0
45085,28265,394.0
45087,7766,150.0
45089,8572,146.0
45091,78610,678.0
46003,806,17.0
46005,4611,60.0
46007,789,14.0
46009,2292,39.0
46011,8165,52.0
46013,10359,121.0
46015,1431,20.0
46017,620,18.0
46019,2763,45.0
46021,268,7.0
46023,2947,35.0
46025,804,9.0
46027,3500,21.0
46029,8503,101.0
46031,1070,17.0
46033,2040,26.0
46035,5922,80.0
46037,1297,35.0
46039,1044,12.0
46041,3140,44.0
46043,685,16.0
46045,949,16.0
46047,1812,39.0
46049,573,16.0
46051,2051,51.0
46053,1071,34.0
46055,453,12.0
46057,1515,41.0
46059,565,12.0
46061,655,6.0
46063,201,3.0
46065,4339,58.0
46067,1736,36.0
46069,307,8.0
46071,633,21.0
46073,415,20.0
46075,177,2.0
46077,1341,22.0
46079,2339,28.0
46081,6617,83.0
46083,15621,102.0
46085,1205,12.0
46091,800,13.0
46087,1349,31.0
46089,427,9.0
46093,7056,64.0
46095,527,8.0
46097,457,13.0
46099,57533,520.0
46101,1389,28.0
46102,3959,62.0
46103,32979,343.0
46105,684,18.0
46107,703,7.0
46109,2441,53.0
46111,575,6.0
46115,1419,36.0
46117,640,7.0
46119,245,3.0
46121,2983,53.0
46123,1387,24.0
46125,1971,62.0
46127,4037,52.0
46129,1315,26.0
46135,5939,59.0
46137,664,11.0
47001,22277,337.0
47003,15022,238.0
47005,4540,93.0
47007,4675,57.0
47009,39403,442.0
47011,33262,416.0
47013,12335,169.0
47015,4233,64.0
47017,8984,156.0
47019,16569,336.0
47021,11001,119.0
47023,5878,99.0
47025,9144,178.0
47027,2303,51.0
47029,11653,219.0
47031,17020,267.0
47033,5205,86.0
47035,16205,327.0
47037,212295,1679.0
47041,6299,101.0
47039,3741,70.0
47043,16014,246.0
47045,12837,203.0
47047,11529,186.0
47049,5730,128.0
47051,12919,186.0
47053,17470,260.0
47055,9456,191.0
47057,6803,110.0
47059,22193,375.0
47061,4004,73.0
47063,19767,357.0
47065,101516,1154.0
47067,2033,37.0
47069,7621,118.0
47071,8781,145.0
47073,16728,322.0
47075,6195,102.0
47077,9152,160.0
47079,8328,163.0
47081,6866,110.0
47083,2691,62.0
47085,4861,74.0
47087,3214,63.0
47089,15820,267.0
47091,5189,95.0
47093,129106,1384.0
47095,2749,43.0
47097,7775,106.0
47099,14337,203.0
47101,3577,61.0
47103,10013,171.0
47105,14615,192.0
47111,8487,145.0
47113,30314,427.0
47115,8882,132.0
47117,10421,124.0
47119,29228,345.0
47107,16717,261.0
47109,7674,121.0
47121,3397,58.0
47123,14696,245.0
47125,50624,582.0
47127,2241,40.0
47129,6210,86.0
47131,10802,195.0
47133,7169,125.0
47135,2335,56.0
47137,1779,36.0
47139,4747,74.0
47141,25223,304.0
47143,10000,160.0
47145,15862,234.0
47147,21665,306.0
47149,96646,905.0
47151,9122,118.0
47153,4233,69.0
47155,30507,419.0
47157,242684,3312.0
47159,6175,85.0
47161,3300,59.0
47163,46272,720.0
47165,53683,730.0
47167,17713,236.0
47169,4246,46.0
47171,5197,96.0
47173,5414,75.0
47175,1855,48.0
47177,13042,177.0
47179,38960,497.0
47181,5703,72.0
47183,9604,152.0
47185,8252,130.0
47187,63147,406.0
47189,42123,486.0
48001,9693,240.0
48003,3825,72.0
48005,15515,481.0
48007,4191,87.0
48009,2221,28.0
48011,555,9.0
48013,13667,231.0
48015,5828,73.0
48017,1512,39.0
48019,3653,77.0
48021,22130,239.0
48023,818,32.0
48025,8429,153.0
48027,67468,903.0
48029,567685,6137.0
48031,2577,34.0
48033,100,2.0
48035,4141,70.0
48037,20292,434.0
48039,94648,984.0
48041,61074,415.0
48043,1084,29.0
48045,465,8.0
48047,1651,52.0
48049,12072,253.0
48051,5052,66.0
48053,11135,171.0
48055,14418,176.0
48057,5745,48.0
48059,2932,72.0
48061,105731,2034.0
48063,2876,75.0
48065,1533,36.0
48067,7272,197.0
48069,2298,47.0
48071,11803,112.0
48073,8009,254.0
48075,2640,33.0
48077,2098,35.0
48079,891,23.0
48081,843,20.0
48083,1650,71.0
48085,216841,1509.0
48087,703,16.0
48089,3809,65.0
48091,35015,551.0
48093,3701,78.0
48095,1087,11.0
48097,7414,134.0
48099,17667,211.0
48101,320,9.0
48103,1289,24.0
48105,1094,19.0
48107,1894,45.0
48109,514,14.0
48111,2157,40.0
48113,575363,6775.0
48115,2998,94.0
48123,6506,99.0
48117,4811,111.0
48119,1823,25.0
48121,181837,1353.0
48125,453,16.0
48127,5762,51.0
48129,1155,26.0
48131,3421,70.0
48133,2832,113.0
48135,37590,703.0
48137,469,11.0
48141,209088,3736.0
48139,49281,582.0
48143,8811,123.0
48145,3801,65.0
48147,6906,183.0
48149,4826,106.0
48151,609,24.0
48153,1963,48.0
48155,209,11.0
48157,190996,1264.0
48159,2228,42.0
48161,3880,82.0
48163,5968,93.0
48165,2216,83.0
48167,97048,853.0
48169,1281,28.0
48171,5442,109.0
48173,199,3.0
48175,1221,32.0
48177,4737,99.0
48179,6197,125.0
48181,27189,636.0
48183,23258,689.0
48185,8527,120.0
48187,38477,398.0
48189,6574,245.0
48191,1102,24.0
48193,1973,33.0
48195,1929,29.0
48197,556,19.0
48199,12087,251.0
48201,1037219,10981.0
48203,13428,227.0
48205,1365,3.0
48207,897,39.0
48209,61178,499.0
48211,1241,7.0
48213,15422,424.0
48215,208055,3910.0
48217,9000,192.0
48219,7756,161.0
48221,13485,274.0
48223,7270,180.0
48225,4269,111.0
48227,6881,184.0
48229,993,18.0
48231,15838,363.0
48233,6755,135.0
48235,446,3.0
48237,1531,28.0
48239,3262,59.0
48241,6113,187.0
48243,224,9.0
48245,49859,844.0
48247,2651,22.0
48249,11429,209.0
48251,43978,735.0
48253,4649,93.0
48255,6051,70.0
48257,35769,536.0
48259,8328,119.0
48261,86,2.0
48263,210,4.0
48265,9701,183.0
48267,720,15.0
48269,52,0.0
48271,741,11.0
48273,7326,147.0
48275,492,25.0
48283,2424,48.0
48277,12511,256.0
48279,4356,122.0
48281,5577,91.0
48285,4275,120.0
48287,4285,60.0
48289,3733,93.0
48291,18241,404.0
48293,5105,124.0
48295,722,16.0
48297,2156,42.0
48299,3943,97.0
48301,200,1.0
48303,93914,1331.0
48305,1559,38.0
48313,3782,54.0
48315,1690,60.0
48317,1210,26.0
48319,791,12.0
48321,8447,175.0
48323,20895,471.0
48307,1309,47.0
48309,60935,902.0
48311,169,9.0
48325,10287,200.0
48327,514,12.0
48329,40948,495.0
48331,4960,102.0
48333,1475,37.0
48335,1869,49.0
48337,4699,129.0
48339,142396,1292.0
48341,5604,111.0
48343,2530,73.0
48345,286,13.0
48347,12442,258.0
48349,12479,222.0
48351,1370,61.0
48353,3066,99.0
48355,93625,1496.0
48357,2424,48.0
48359,565,6.0
48361,14978,355.0
48363,7061,154.0
48365,4617,129.0
48367,34909,450.0
48369,2363,52.0
48371,2753,71.0
48999,65,0.0
48373,7906,247.0
48375,35808,740.0
48377,1012,38.0
48379,1839,59.0
48381,38270,516.0
48383,865,14.0
48385,817,25.0
48387,2305,67.0
48389,4654,74.0
48391,1782,37.0
48393,175,2.0
48395,4547,77.0
48397,26855,266.0
48399,2398,66.0
48401,10873,233.0
48403,1258,89.0
48405,1083,44.0
48407,5622,102.0
48409,11128,341.0
48411,1246,35.0
48413,529,9.0
48415,4987,104.0
48417,692,12.0
48419,4493,134.0
48421,499,16.0
48423,45645,969.0
48425,2118,36.0
48427,20127,366.0
48429,1847,46.0
48431,245,7.0
48433,362,7.0
48435,848,12.0
48437,2289,34.0
48439,570351,5933.0
48441,35296,725.0
48443,121,3.0
48445,2791,84.0
48447,271,8.0
48449,8680,128.0
48451,41229,553.0
48453,229212,1736.0
48455,2715,72.0
48457,3414,88.0
48459,7935,186.0
48461,833,18.0
48463,10607,145.0
48465,14394,303.0
48467,10419,280.0
48469,18990,413.0
48471,19258,212.0
48473,9724,108.0
48475,2832,44.0
48477,9248,148.0
48479,96452,1036.0
48481,9196,215.0
48483,1193,23.0
48485,34143,679.0
48487,3487,87.0
48489,7114,130.0
48491,136295,935.0
48493,11051,158.0
48495,1846,34.0
48497,17067,270.0
48499,8038,288.0
48501,1331,42.0
48503,4026,94.0
48505,3757,55.0
48507,4064,68.0
49001,1613,16.0
49003,14186,124.0
49005,37360,109.0
49007,5294,46.0
49009,154,0.0
49011,101734,404.0
49013,4415,27.0
49015,2494,28.0
49017,933,16.0
49019,2376,6.0
49021,14798,92.0
49023,2902,25.0
49025,1360,15.0
49027,3276,35.0
49029,2913,15.0
49031,304,7.0
49033,343,0.0
49035,349189,1638.0
49037,4019,49.0
49039,8378,56.0
49041,5458,30.0
49043,13959,26.0
49045,21639,102.0
49047,8104,72.0
49049,203941,793.0
49051,10856,35.0
49053,45159,464.0
49055,448,0.0
49057,71944,443.0
50001,6000,18.0
50003,10280,71.0
50005,5888,26.0
50007,34978,177.0
50009,1307,3.0
50011,10385,68.0
50013,1142,5.0
50015,3974,17.0
50017,4449,14.0
50019,6667,38.0
50021,13821,74.0
50023,12563,51.0
50025,7087,37.0
50027,9740,53.0
78010,9044,49.0
78020,860,5.0
78030,8950,59.0
51001,7101,107.0
51003,19063,164.0
51510,33456,189.0
51005,3390,98.0
51007,2707,60.0
51009,7365,88.0
51011,3840,53.0
51013,47513,323.0
51015,19108,208.0
51017,911,20.0
51019,17489,242.0
51021,1809,24.0
51023,7666,101.0
51520,4481,80.0
51025,3302,47.0
51027,4908,122.0
51029,4073,56.0
51530,2024,44.0
51031,12876,215.0
51033,7027,85.0
51035,6798,148.0
51036,1194,27.0
51037,2563,45.0
51540,9682,74.0
51550,51584,497.0
51041,76513,761.0
51043,2709,43.0
51570,5000,97.0
51580,1322,26.0
51045,1133,19.0
51047,11565,149.0
51049,1386,27.0
51590,11334,282.0
51051,3331,49.0
51053,5481,93.0
51595,1195,55.0
51057,2300,34.0
51059,192045,1457.0
51600,2078,43.0
51610,2297,17.0
51061,13381,144.0
51063,2600,49.0
51065,5327,46.0
51067,11068,197.0
51620,2416,52.0
51069,21082,249.0
51630,5574,42.0
51640,2573,78.0
51071,4156,50.0
51073,7516,104.0
51075,4221,53.0
51077,4080,83.0
51079,4132,62.0
51081,3369,40.0
51083,7326,160.0
51650,28851,330.0
51085,22677,286.0
51660,13581,161.0
51087,68559,935.0
51089,12318,266.0
51091,394,7.0
51670,6175,118.0
51093,7450,116.0
51095,15732,121.0
51099,5191,39.0
51101,3791,43.0
51097,1155,12.0
51103,1865,31.0
51105,6195,93.0
51678,2877,40.0
51107,73309,384.0
51109,6923,85.0
51111,2479,39.0
51680,19830,268.0
51113,2469,41.0
51685,3857,27.0
51683,9369,71.0
51690,3496,124.0
51115,1537,27.0
51117,6262,123.0
51119,1884,48.0
51121,19683,154.0
51125,2608,36.0
51127,4797,32.0
51700,37562,406.0
51710,43503,476.0
51131,2202,64.0
51133,2236,46.0
51720,1320,22.0
51135,4339,92.0
51137,7011,86.0
51139,5697,123.0
51141,3732,98.0
51730,8320,140.0
51143,14435,199.0
51735,2412,30.0
51740,21296,338.0
51145,5296,59.0
51147,5124,71.0
51149,9010,79.0
51153,99253,747.0
51155,7387,139.0
51750,5096,53.0
51157,1058,10.0
51159,2619,25.0
51760,46820,514.0
51161,21931,282.0
51770,21890,376.0
51163,3323,79.0
51165,14704,230.0
51167,6913,115.0
51775,5800,97.0
51169,5854,111.0
51171,11003,222.0
51173,8949,171.0
51175,3477,94.0
51177,27962,301.0
51179,31734,178.0
51790,5828,114.0
51800,19333,303.0
51181,1121,20.0
51183,2418,42.0
51185,10381,175.0
51810,92448,825.0
51187,8748,157.0
51191,13957,215.0
51820,6079,68.0
51193,3309,52.0
51830,1857,22.0
51840,6482,80.0
51195,10364,199.0
51197,7592,149.0
51199,10351,109.0
53001,4934,38.0
53003,4580,67.0
53005,53224,472.0
53007,20622,163.0
53009,12246,142.0
53011,92553,809.0
53013,619,16.0
53015,23479,347.0
53017,11357,70.0
53019,1433,29.0
53021,32747,214.0
53023,392,7.0
53025,27251,259.0
53027,17186,198.0
53029,10824,77.0
53031,3293,29.0
53033,419203,2781.0
53035,42074,346.0
53037,8658,66.0
53039,3648,48.0
53041,17913,257.0
53043,2247,28.0
53045,12783,139.0
53047,8680,125.0
53049,3823,58.0
53051,2520,36.0
53053,201150,1426.0
53055,1531,2.0
53057,22967,206.0
53059,1551,12.0
53061,161811,1151.0
53063,127097,1383.0
53065,8319,147.0
53067,49953,423.0
53069,538,7.0
53071,16425,142.0
53073,39911,301.0
53075,8855,90.0
53077,74097,791.0
54001,4873,73.0
54003,36496,301.0
54005,6701,75.0
54007,3958,43.0
54009,5116,104.0
54011,28026,376.0
54013,1894,15.0
54015,2358,41.0
54017,2168,18.0
54019,13317,205.0
54021,2104,19.0
54023,3790,56.0
54025,9893,161.0
54027,5927,73.0
54029,6854,142.0
54031,4229,49.0
54033,20251,253.0
54035,6961,133.0
54037,14656,133.0
54039,48155,725.0
54041,5401,86.0
54043,5639,83.0
54045,9836,187.0
54049,15437,181.0
54051,9138,155.0
54053,6749,93.0
54047,5683,75.0
54055,17294,266.0
54057,7954,157.0
54059,8000,123.0
54061,25365,196.0
54063,4309,46.0
54065,4330,69.0
54067,7440,97.0
54069,11448,168.0
54071,2017,22.0
54073,2080,36.0
54075,2083,32.0
54077,9413,137.0
54079,17013,179.0
54081,23359,352.0
54083,9590,89.0
54085,2482,31.0
54087,3203,36.0
54089,2839,54.0
54091,4630,73.0
54093,2034,38.0
54095,2225,32.0
54097,6977,95.0
54099,9969,125.0
54101,2280,33.0
54103,4386,86.0
54105,1462,25.0
54107,22382,347.0
54109,7077,116.0
55001,4775,61.0
55003,3399,36.0
55005,13806,144.0
55007,3482,41.0
55009,86353,557.0
55011,3635,12.0
55013,4114,43.0
55015,14805,121.0
55017,19215,187.0
55019,7730,121.0
55021,15974,128.0
55023,4325,28.0
55025,137093,518.0
55027,27693,339.0
55029,7157,71.0
55031,12118,79.0
55033,13680,75.0
55035,31573,189.0
55037,1095,17.0
55039,32757,280.0
55041,2704,52.0
55043,13044,146.0
55045,9609,54.0
55047,5307,64.0
55049,5474,29.0
55051,1490,47.0
55053,5760,43.0
55055,22195,244.0
55057,7923,68.0
55059,45725,633.0
55061,5960,59.0
55063,36363,186.0
55065,3759,29.0
55067,5341,92.0
55069,7257,148.0
55071,20945,190.0
55073,40683,492.0
55075,11860,127.0
55077,3896,61.0
55078,1992,14.0
55079,280214,2297.0
55081,12406,91.0
55083,11580,121.0
55085,8666,139.0
55087,55644,407.0
55089,23451,187.0
55091,2015,18.0
55093,11948,73.0
55095,12780,122.0
55097,18612,161.0
55099,3301,33.0
55101,58310,690.0
55103,4027,48.0
55105,44735,395.0
55107,3485,55.0
55111,16741,136.0
55113,4699,62.0
55115,12068,152.0
55117,33316,322.0
55109,25873,151.0
55119,4899,72.0
55121,8594,66.0
55123,6285,98.0
55125,5299,89.0
55127,27543,282.0
55129,4125,46.0
55131,39345,343.0
55133,117133,1094.0
55135,13923,252.0
55137,6569,87.0
55139,53496,383.0
55141,21666,234.0
56001,9971,49.0
56003,2591,61.0
56005,12131,149.0
56007,4631,52.0
56009,3147,55.0
56011,1352,29.0
56013,13832,193.0
56015,3648,57.0
56017,1162,16.0
56019,1848,19.0
56021,26382,292.0
56023,3988,31.0
56025,22422,273.0
56027,701,10.0
56029,6821,144.0
56031,1916,41.0
56033,8107,79.0
56035,1927,27.0
56037,11119,126.0
56039,10116,16.0
56041,5647,39.0
56043,2362,44.0
56045,1588,18.0
