FIPS,medianHouseHoldIncome,povertyRate
1001,58343.0,13.4
1003,56607.0,10.1
1005,32490.0,33.4
1007,45795.0,20.2
1009,48253.0,12.8
1011,29113.0,34.4
1013,36842.0,21.3
1015,45937.0,17.7
1017,36883.0,18.2
1019,44842.0,17.2
1021,46405.0,16.8
1023,36711.0,23.7
1025,36719.0,23.3
1027,39642.0,18.1
1029,45480.0,16.1
1031,51998.0,15.5
1033,46100.0,15.4
1035,30796.0,23.7
1037,42442.0,17.4
1039,39093.0,17.7
1041,38419.0,19.9
1043,45925.0,13.8
1045,42572.0,17.7
1047,31329.0,27.9
1049,39906.0,19.5
1051,59652.0,12.0
1053,37870.0,23.3
1055,41791.0,18.1
1057,39394.0,19.4
1059,41025.0,20.5
1061,38561.0,21.7
1063,28108.0,33.2
1065,34905.0,25.1
1067,48094.0,17.0
1069,44753.0,16.6
1071,42658.0,16.6
1073,50731.0,16.7
1075,39796.0,18.7
1077,46646.0,13.7
1079,42912.0,16.8
1081,51372.0,17.8
1083,57342.0,11.9
1085,33130.0,25.9
1087,30849.0,30.6
1089,62750.0,12.8
1091,37469.0,22.8
1093,38049.0,19.3
1095,42751.0,20.1
1097,45615.0,19.7
1099,36432.0,23.8
1101,45833.0,21.3
1103,49274.0,14.8
1105,26703.0,37.2
1107,38379.0,22.3
1109,40680.0,27.7
1111,41112.0,17.0
1113,36186.0,23.2
1115,52755.0,13.5
1117,74098.0,7.4
1119,26495.0,35.9
1121,41733.0,18.3
1123,44469.0,18.3
1125,51644.0,15.9
1127,41925.0,17.4
1129,44249.0,20.2
1131,25700.0,32.0
1133,38562.0,21.3
2000,74058.0,11.0
2010,,
2013,69375.0,14.6
2016,80290.0,8.1
2020,78579.0,9.6
2050,45582.0,28.7
2060,70094.0,10.9
2068,73220.0,8.0
2070,52641.0,20.8
2090,74241.0,7.4
2100,53413.0,11.4
2105,50573.0,17.6
2110,90436.0,8.3
2122,63559.0,10.2
2130,71298.0,9.9
2150,71118.0,7.5
2158,31250.0,37.5
2164,47644.0,15.7
2170,72296.0,11.3
2180,53877.0,23.2
2185,82736.0,12.2
2188,53060.0,26.0
2195,59176.0,7.4
2198,46488.0,18.5
2201,,
2220,69501.0,8.1
2230,66991.0,4.3
2232,,
2240,59382.0,12.8
2261,86196.0,9.2
2275,55696.0,12.4
2280,,
2282,59955.0,15.3
2290,37907.0,23.2
4000,56508.0,14.9
4001,33053.0,33.1
4003,48966.0,16.1
4005,54399.0,18.4
4007,38897.0,24.1
4009,46378.0,20.9
4011,63557.0,10.1
4012,36389.0,20.9
4013,62221.0,13.5
4015,42210.0,17.3
4017,40883.0,26.4
4019,51392.0,16.6
4021,53114.0,13.0
4023,39265.0,23.6
4025,49860.0,13.9
4027,46013.0,19.0
5000,45916.0,16.3
5001,43752.0,19.9
5003,40495.0,19.8
5005,43011.0,13.9
5007,64728.0,9.1
5009,41770.0,14.9
5011,35950.0,20.9
5013,42484.0,15.2
5015,38297.0,16.4
5017,31810.0,30.1
5019,40536.0,21.4
5021,35164.0,18.1
5023,43170.0,15.6
5025,47812.0,14.3
5027,38488.0,25.5
5029,43519.0,17.2
5031,49355.0,14.9
5033,44850.0,17.5
5035,39272.0,21.1
5037,41661.0,18.4
5039,33739.0,21.0
5041,33228.0,29.0
5043,41339.0,20.3
5045,51535.0,13.4
5047,41140.0,18.0
5049,35723.0,20.6
5051,44662.0,15.9
5053,54819.0,12.2
5055,46029.0,14.8
5057,39505.0,24.2
5059,42329.0,16.8
5061,36744.0,19.1
5063,42332.0,15.9
5065,37958.0,19.3
5067,36235.0,22.2
5069,38677.0,23.5
5071,39798.0,18.4
5073,33378.0,24.1
5075,40777.0,16.9
5077,28875.0,37.3
5079,43821.0,23.4
5081,42063.0,17.0
5083,37676.0,20.5
5085,54378.0,11.1
5087,40568.0,17.0
5089,39539.0,18.3
5091,44325.0,18.8
5093,39678.0,24.3
5095,32427.0,27.3
5097,35500.0,21.1
5099,46687.0,19.5
5101,34036.0,19.8
5103,39576.0,19.9
5105,44118.0,15.1
5107,27663.0,39.8
5109,37493.0,18.5
5111,39778.0,21.0
5113,35678.0,23.3
5115,45803.0,16.7
5117,43139.0,16.1
5119,52361.0,15.0
5121,35989.0,19.4
5123,31561.0,33.7
5125,61384.0,7.9
5127,33354.0,20.6
5129,30640.0,21.6
5131,44058.0,18.6
5133,41649.0,19.5
5135,34266.0,23.9
5137,32778.0,21.2
5139,43827.0,17.5
5141,36244.0,19.8
5143,50400.0,13.8
5145,44088.0,15.2
5147,32271.0,26.8
5149,40325.0,18.8
6000,71785.0,13.3
6001,95550.0,9.3
6003,55755.0,18.1
6005,60588.0,10.9
6007,48634.0,18.1
6009,58536.0,13.1
6011,53595.0,12.2
6013,95062.0,9.1
6015,39996.0,24.6
6017,78464.0,8.3
6019,51452.0,21.1
6021,49979.0,14.8
6023,46123.0,19.7
6025,43413.0,20.7
6027,53528.0,11.8
6029,49904.0,21.2
6031,55076.0,18.4
6033,45797.0,20.2
6035,58776.0,16.3
6037,64912.0,14.9
6039,50783.0,21.2
6041,112735.0,7.9
6043,52387.0,15.2
6045,50453.0,16.3
6047,48036.0,23.0
6049,40970.0,19.2
6051,60318.0,9.3
6053,70294.0,11.9
6055,83881.0,6.8
6057,64901.0,11.0
6059,86031.0,11.5
6061,81366.0,7.8
6063,51756.0,14.3
6065,63776.0,12.9
6067,62959.0,14.1
6069,77200.0,8.4
6071,60270.0,16.0
6073,76048.0,11.9
6075,109601.0,10.1
6077,60950.0,15.5
6079,70634.0,11.9
6081,115908.0,6.4
6083,70651.0,14.2
6085,118468.0,7.5
6087,76633.0,12.6
6089,51207.0,17.0
6091,49495.0,13.7
6093,44013.0,17.7
6095,75931.0,10.0
6097,79511.0,9.3
6099,58925.0,14.0
6101,54102.0,13.2
6103,41819.0,20.1
6105,40676.0,20.3
6107,46377.0,24.0
6109,58776.0,12.2
6111,82436.0,9.5
6113,64900.0,17.5
6115,53822.0,15.3
8000,69113.0,10.3
8001,65977.0,10.6
8003,43121.0,21.3
8005,75196.0,7.8
8007,52481.0,11.7
8009,35725.0,19.7
8011,37307.0,32.0
8013,80701.0,12.6
8014,91968.0,4.6
8015,53545.0,11.4
8017,50571.0,13.6
8019,71850.0,7.8
8021,36852.0,21.2
8023,30486.0,27.3
8025,38112.0,47.4
8027,54080.0,13.2
8029,43528.0,16.7
8031,64974.0,12.5
8033,44882.0,12.8
8035,112386.0,3.2
8037,88913.0,7.5
8039,102731.0,4.9
8041,65260.0,10.8
8043,48820.0,16.6
8045,71897.0,7.6
8047,79636.0,6.9
8049,61241.0,8.7
8051,53480.0,14.8
8053,59157.0,8.6
8055,37424.0,20.8
8057,48785.0,13.7
8059,80562.0,7.6
8061,43845.0,14.0
8063,44028.0,11.6
8065,49799.0,12.2
8067,61974.0,9.2
8069,69443.0,11.0
8071,39552.0,23.7
8073,45308.0,17.6
8075,50246.0,15.8
8077,52623.0,14.9
8079,55906.0,8.5
8081,57680.0,11.0
8083,48692.0,15.2
8085,51031.0,12.9
8087,50453.0,11.4
8089,37907.0,23.5
8091,63627.0,7.7
8093,69884.0,8.6
8095,52096.0,10.9
8097,78596.0,5.9
8099,41238.0,18.2
8101,44060.0,18.2
8103,58336.0,9.5
8105,41693.0,18.4
8107,76505.0,6.9
8109,36558.0,24.4
8111,46985.0,13.6
8113,70418.0,7.7
8115,39880.0,15.5
8117,75420.0,7.3
8119,68078.0,8.8
8121,48325.0,12.9
8123,68679.0,9.4
8125,48893.0,13.0
9000,74428.0,9.7
9001,91170.0,8.8
9003,70433.0,11.0
9005,77968.0,6.9
9007,81533.0,6.8
9009,66764.0,11.0
9011,71721.0,8.6
9013,75571.0,7.4
9015,62606.0,11.5
10000,64085.0,13.0
10001,57112.0,13.2
10003,66839.0,13.4
10005,61124.0,11.9
11000,80153.0,16.6
11001,80153.0,16.6
12000,52582.0,14.1
12001,45230.0,21.2
12003,51856.0,15.3
12005,51633.0,14.9
12007,44997.0,19.1
12009,52596.0,12.4
12011,56702.0,13.1
12013,37612.0,21.1
12015,51583.0,10.8
12017,43147.0,14.4
12019,65375.0,9.9
12021,66709.0,11.7
12023,42097.0,16.5
12027,37342.0,26.1
12029,38355.0,24.4
12031,52105.0,15.1
12033,48289.0,16.4
12035,52713.0,12.0
12037,40158.0,21.3
12039,38084.0,23.1
12041,42880.0,16.1
12043,42865.0,18.9
12045,44135.0,21.6
12047,35262.0,24.0
12049,40056.0,23.3
12051,38361.0,23.9
12053,44710.0,14.0
12055,37445.0,19.8
12057,54741.0,15.5
12059,40657.0,21.2
12061,51797.0,10.6
12063,41524.0,18.0
12065,48163.0,17.7
12067,41549.0,22.7
12069,51429.0,12.6
12071,54198.0,11.8
12073,51716.0,18.0
12075,37272.0,20.8
12077,41308.0,23.0
12079,37256.0,28.3
12081,55189.0,10.8
12083,43772.0,16.2
12085,58344.0,10.9
12086,49758.0,16.7
12087,63009.0,11.8
12089,70590.0,9.1
12091,60798.0,10.9
12093,42524.0,21.8
12095,54021.0,15.3
12097,49284.0,14.0
12099,60059.0,11.8
12101,51247.0,13.0
12103,51488.0,12.2
12105,48328.0,16.1
12107,34390.0,26.3
12109,77022.0,8.3
12111,49995.0,12.8
12113,65434.0,10.2
12115,58423.0,9.2
12117,63865.0,11.2
12119,57931.0,9.1
12121,44144.0,20.3
12123,41557.0,23.8
12125,47373.0,22.2
12127,46911.0,15.2
12129,55717.0,12.9
12131,52922.0,15.9
12133,36052.0,21.1
13000,56117.0,15.1
13001,40862.0,22.2
13003,34821.0,24.2
13005,38417.0,28.2
13007,37286.0,24.6
13009,40358.0,25.2
13011,49481.0,13.5
13013,60028.0,12.0
13015,55067.0,13.2
13017,32370.0,24.5
13019,38239.0,18.6
13021,39047.0,25.0
13023,44262.0,20.3
13025,40906.0,19.0
13027,36030.0,23.7
13029,73877.0,10.4
13031,42068.0,24.6
13033,41863.0,23.1
13035,46062.0,18.3
13037,33889.0,35.1
13039,53582.0,12.5
13043,33846.0,24.7
13045,51388.0,17.2
13047,53833.0,12.0
13049,40636.0,25.6
13051,54667.0,16.3
13053,44439.0,19.6
13055,39325.0,20.2
13057,78247.0,7.5
13059,39901.0,26.6
13061,29122.0,33.1
13063,44757.0,16.3
13065,37174.0,27.6
13067,75485.0,9.5
13069,39408.0,24.9
13071,36651.0,25.6
13073,75832.0,6.6
13075,36463.0,21.3
13077,73296.0,10.4
13079,47422.0,17.6
13081,34754.0,29.7
13083,45053.0,15.2
13085,64930.0,9.4
13087,37835.0,21.9
13089,61496.0,15.3
13091,36067.0,21.8
13093,35781.0,27.6
13095,36994.0,28.2
13097,60177.0,11.8
13099,32490.0,26.7
13101,36559.0,26.5
13103,68109.0,9.8
13105,35452.0,22.9
13107,33551.0,27.6
13109,34464.0,28.0
13111,42986.0,13.6
13113,87831.0,5.7
13115,45979.0,19.2
13117,103083.0,5.3
13119,42703.0,18.7
13121,64901.0,14.8
13123,46200.0,14.4
13125,43529.0,17.3
13127,50740.0,17.0
13129,46868.0,14.0
13131,41095.0,20.3
13133,50736.0,17.0
13135,68957.0,10.7
13137,49292.0,13.3
13139,61320.0,13.3
13141,31247.0,30.3
13143,45167.0,15.3
13145,72811.0,8.3
13147,44603.0,18.9
13149,44575.0,18.9
13151,67493.0,9.8
13153,59291.0,13.0
13155,38511.0,22.0
13157,63422.0,11.5
13159,50234.0,17.6
13161,36786.0,21.2
13163,35201.0,24.0
13165,32472.0,32.8
13167,35243.0,29.0
13169,56039.0,12.9
13171,41060.0,16.5
13173,39165.0,20.5
13175,38078.0,22.6
13177,68891.0,10.9
13179,45655.0,16.8
13181,44819.0,18.1
13183,48328.0,19.1
13185,42019.0,25.3
13187,55453.0,13.9
13189,40814.0,21.2
13191,40832.0,19.5
13193,32974.0,29.6
13195,47956.0,15.9
13197,39408.0,23.9
13199,38442.0,19.9
13201,37878.0,23.8
13205,36234.0,27.5
13207,57038.0,13.3
13209,41858.0,20.5
13211,55251.0,12.0
13213,45975.0,17.2
13215,42610.0,22.6
13217,55632.0,13.4
13219,92216.0,6.5
13221,44718.0,13.4
13223,67906.0,8.3
13225,46608.0,19.6
13227,61145.0,10.8
13229,42140.0,19.4
13231,62250.0,10.7
13233,43488.0,19.0
13235,39743.0,22.5
13237,47710.0,17.2
13239,31151.0,26.1
13241,43042.0,17.8
13243,30847.0,33.6
13245,38297.0,23.7
13247,59341.0,14.1
13249,43568.0,18.0
13251,38870.0,20.5
13253,35527.0,29.2
13255,45121.0,19.9
13257,40483.0,18.7
13259,31800.0,36.2
13261,36611.0,25.5
13263,36269.0,22.2
13265,30586.0,26.5
13267,38672.0,27.3
13269,35608.0,23.7
13271,31354.0,34.6
13273,33939.0,33.0
13275,43257.0,17.9
13277,41544.0,21.7
13279,35226.0,22.3
13281,44055.0,13.8
13283,34473.0,27.4
13285,43112.0,21.6
13287,33310.0,27.6
13289,39639.0,22.2
13291,46097.0,15.4
13293,39780.0,20.5
13295,44176.0,15.6
13297,58028.0,12.3
13299,38412.0,22.0
13301,34680.0,27.9
13303,37464.0,26.7
13305,45814.0,20.2
13307,39266.0,20.0
13309,31001.0,37.4
13311,50194.0,13.3
13313,42568.0,16.5
13315,35015.0,30.7
13317,34897.0,22.8
13319,40906.0,23.5
13321,42913.0,21.6
15000,77936.0,9.5
15001,56540.0,15.0
15003,80947.0,8.3
15005,,
15007,74881.0,10.1
15009,76376.0,10.0
16000,52280.0,12.6
16001,61469.0,10.8
16003,43442.0,14.5
16005,51093.0,14.2
16007,51343.0,11.7
16009,43570.0,14.3
16011,52697.0,12.5
16013,68101.0,8.5
16015,56067.0,12.1
16017,47537.0,13.7
16019,55744.0,10.5
16021,43835.0,15.5
16023,45226.0,16.9
16025,51045.0,9.2
16027,47915.0,15.5
16029,58739.0,9.1
16031,51323.0,12.7
16033,42226.0,14.5
16035,46214.0,15.7
16037,44100.0,14.7
16039,45708.0,12.9
16041,55056.0,8.2
16043,48581.0,13.2
16045,47481.0,13.5
16047,46218.0,14.9
16049,42503.0,15.1
16051,59869.0,9.2
16053,50728.0,13.7
16055,56921.0,10.6
16057,49445.0,16.5
16059,41153.0,16.1
16061,44674.0,14.4
16063,49207.0,12.8
16065,40666.0,19.1
16067,48485.0,14.1
16069,54729.0,12.0
16071,60264.0,11.1
16073,44251.0,15.9
16075,50817.0,13.0
16077,45922.0,14.6
16079,46793.0,17.4
16081,63168.0,8.3
16083,50909.0,13.5
16085,56532.0,8.5
16087,41757.0,15.7
17000,63044.0,12.5
17001,49088.0,13.5
17003,33985.0,30.3
17005,54831.0,13.3
17007,69413.0,8.8
17009,53875.0,14.9
17011,55632.0,10.7
17013,55138.0,10.5
17015,49744.0,11.5
17017,50568.0,13.3
17019,51466.0,19.2
17021,52817.0,13.6
17023,55205.0,11.0
17025,45028.0,13.2
17027,65586.0,8.2
17029,46012.0,19.5
17031,61401.0,14.6
17033,49712.0,13.8
17035,55622.0,10.3
17037,60856.0,14.1
17039,56091.0,11.7
17041,54538.0,9.8
17043,89536.0,6.2
17045,46916.0,13.8
17047,48649.0,10.9
17049,60061.0,9.7
17051,45193.0,18.2
17053,55356.0,11.6
17055,40682.0,19.5
17057,49315.0,15.2
17059,42533.0,18.9
17061,47188.0,14.8
17063,76214.0,7.1
17065,49092.0,12.9
17067,52625.0,11.7
17069,40160.0,21.6
17071,51014.0,11.2
17073,58675.0,11.0
17075,50131.0,12.9
17077,38157.0,29.2
17079,55240.0,11.9
17081,50622.0,17.4
17083,58928.0,10.3
17085,51866.0,9.3
17087,49763.0,15.0
17089,75739.0,9.2
17091,57706.0,15.0
17093,97039.0,4.8
17095,44686.0,16.1
17097,86242.0,7.7
17099,56854.0,14.3
17101,45235.0,17.3
17103,59450.0,11.4
17105,55003.0,12.8
17107,56838.0,12.2
17109,44524.0,18.6
17111,86450.0,6.1
17113,68895.0,15.6
17115,51828.0,14.3
17117,51756.0,13.8
17119,58077.0,14.4
17121,45126.0,16.1
17123,55337.0,9.7
17125,51731.0,13.7
17127,47646.0,15.3
17129,65367.0,8.7
17131,52846.0,10.6
17133,83767.0,4.9
17135,51206.0,15.5
17137,52357.0,13.5
17139,60496.0,9.0
17141,60656.0,9.7
17143,54195.0,15.4
17145,50553.0,15.6
17147,67173.0,6.3
17149,43301.0,15.9
17151,43119.0,18.4
17153,38846.0,22.9
17155,64000.0,8.0
17157,52749.0,15.8
17159,48489.0,15.4
17161,51805.0,12.9
17163,51937.0,16.0
17165,41394.0,18.6
17167,61519.0,15.4
17169,52946.0,11.8
17171,49745.0,12.2
17173,51873.0,10.3
17175,51446.0,11.1
17177,48237.0,16.7
17179,61086.0,9.1
17181,45847.0,19.0
17183,43649.0,19.4
17185,52535.0,13.8
17187,54023.0,11.7
17189,56118.0,8.1
17191,46339.0,14.0
17193,48202.0,15.3
17195,54284.0,12.9
17197,82477.0,7.0
17199,49993.0,15.3
17201,53490.0,14.2
17203,75733.0,5.8
18000,54134.0,13.3
18001,51488.0,15.4
18003,52661.0,13.1
18005,61943.0,10.6
18007,52841.0,11.2
18009,42636.0,14.3
18011,82670.0,5.7
18013,56979.0,10.9
18015,55471.0,9.6
18017,47727.0,13.8
18019,52746.0,10.6
18021,50746.0,11.2
18023,51540.0,13.4
18025,42555.0,16.2
18027,46292.0,13.4
18029,65005.0,9.7
18031,55808.0,11.1
18033,54289.0,10.4
18035,41874.0,20.6
18037,63033.0,8.3
18039,58781.0,10.8
18041,44970.0,15.5
18043,61009.0,10.5
18045,50817.0,12.9
18047,62467.0,9.4
18049,51088.0,12.2
18051,53714.0,10.4
18053,44790.0,18.4
18055,59347.0,11.6
18057,95080.0,3.8
18059,73294.0,5.5
18061,57136.0,9.4
18063,75647.0,5.1
18065,48915.0,12.8
18067,51035.0,14.5
18069,53635.0,10.2
18071,48789.0,12.7
18073,58891.0,10.0
18075,46740.0,14.3
18077,51163.0,13.7
18079,48961.0,12.8
18081,70690.0,8.8
18083,44044.0,18.9
18085,62666.0,10.4
18087,63291.0,7.8
18089,54929.0,15.9
18091,51532.0,14.5
18093,49112.0,13.3
18095,44987.0,17.4
18097,47642.0,17.6
18099,53387.0,11.6
18101,50203.0,12.5
18103,47225.0,14.0
18105,49180.0,21.6
18107,53720.0,12.1
18109,61068.0,9.9
18111,58384.0,10.9
18113,52764.0,9.8
18115,56915.0,9.3
18117,43061.0,14.4
18119,49044.0,14.7
18121,48537.0,14.3
18123,50670.0,12.1
18125,49844.0,10.4
18127,67525.0,10.4
18129,65617.0,9.1
18131,50022.0,12.5
18133,57402.0,12.0
18135,46016.0,15.3
18137,52562.0,10.9
18139,51113.0,12.0
18141,52188.0,16.0
18143,48615.0,16.3
18145,61327.0,8.4
18147,56646.0,10.4
18149,46940.0,17.1
18151,55184.0,11.0
18153,46810.0,14.6
18155,47478.0,16.3
18157,52858.0,18.0
18159,55503.0,8.9
18161,48206.0,10.7
18163,47456.0,17.5
18165,46330.0,13.3
18167,42497.0,19.4
18169,50177.0,13.3
18171,58045.0,10.0
18173,75727.0,6.8
18175,47686.0,13.5
18177,44179.0,16.6
18179,55221.0,8.6
18181,52377.0,10.5
18183,60126.0,8.5
19000,58706.0,10.8
19001,52155.0,10.2
19003,48191.0,12.3
19005,49445.0,11.0
19007,42274.0,16.9
19009,51484.0,10.7
19011,67946.0,7.8
19013,50426.0,15.3
19015,60558.0,7.3
19017,64213.0,7.1
19019,62294.0,9.0
19021,53230.0,12.8
19023,58386.0,9.0
19025,51754.0,12.4
19027,55084.0,9.1
19029,49281.0,12.1
19031,63430.0,6.9
19033,54454.0,10.8
19035,56343.0,9.6
19037,56819.0,9.5
19039,49889.0,11.0
19041,53615.0,9.3
19043,54740.0,9.6
19045,50729.0,13.4
19047,53806.0,11.8
19049,90133.0,4.4
19051,51477.0,12.1
19053,41843.0,17.1
19055,60458.0,9.3
19057,50773.0,13.5
19059,56496.0,7.5
19061,60936.0,9.8
19063,49353.0,10.3
19065,46389.0,13.4
19067,51901.0,11.8
19069,53157.0,11.1
19071,52616.0,12.2
19073,52459.0,10.4
19075,72184.0,5.9
19077,57635.0,9.5
19079,57106.0,8.7
19081,56542.0,8.4
19083,52662.0,11.4
19085,55835.0,10.0
19087,53670.0,11.6
19089,53046.0,10.1
19091,57197.0,9.4
19093,55732.0,9.1
19095,64091.0,7.2
19097,53539.0,11.7
19099,56134.0,9.0
19101,47907.0,14.0
19103,61395.0,15.3
19105,58689.0,9.5
19107,50980.0,11.5
19109,55491.0,9.2
19111,50481.0,14.1
19113,63754.0,9.0
19115,56067.0,9.9
19117,46169.0,13.6
19119,61749.0,7.6
19121,66012.0,7.4
19123,55947.0,13.0
19125,61175.0,7.9
19127,50495.0,12.7
19129,67016.0,9.2
19131,54451.0,9.1
19133,49236.0,11.6
19135,52047.0,10.9
19137,51317.0,12.5
19139,59042.0,10.7
19141,60375.0,7.7
19143,56459.0,10.1
19145,47994.0,14.5
19147,52311.0,10.4
19149,67056.0,7.2
19151,47919.0,12.9
19153,66112.0,9.5
19155,57867.0,10.6
19157,55766.0,11.5
19159,45259.0,14.7
19161,54328.0,10.1
19163,59461.0,11.3
19165,56373.0,8.4
19167,70601.0,7.1
19169,61381.0,16.9
19171,52685.0,9.5
19173,47383.0,11.6
19175,47814.0,14.6
19177,47667.0,14.0
19179,46981.0,14.5
19181,76146.0,6.1
19183,59903.0,9.5
19185,45384.0,16.6
19187,48712.0,15.0
19189,54045.0,9.4
19191,59365.0,9.0
19193,54528.0,13.4
19195,55404.0,8.5
19197,52803.0,10.0
20000,56382.0,11.9
20001,42957.0,16.7
20003,46595.0,13.3
20005,45941.0,14.3
20007,47948.0,12.2
20009,46934.0,15.6
20011,41847.0,18.3
20013,45637.0,15.0
20015,65561.0,10.1
20017,47436.0,11.2
20019,41890.0,16.8
20021,42469.0,15.8
20023,42247.0,12.8
20025,51621.0,12.0
20027,50634.0,10.6
20029,46241.0,12.6
20031,57021.0,10.2
20033,46636.0,11.2
20035,46703.0,17.6
20037,39461.0,18.9
20039,42077.0,14.5
20041,52562.0,9.9
20043,48553.0,14.8
20045,56007.0,15.9
20047,47725.0,11.2
20049,39556.0,15.8
20051,49715.0,15.2
20053,51355.0,11.5
20055,54534.0,13.2
20057,50080.0,12.7
20059,55330.0,10.5
20061,52012.0,12.0
20063,47029.0,9.8
20065,41138.0,12.8
20067,59534.0,12.3
20069,67671.0,7.6
20071,48647.0,10.8
20073,40741.0,15.3
20075,47454.0,13.0
20077,44594.0,14.5
20079,55470.0,9.1
20081,54145.0,10.1
20083,51962.0,10.8
20085,49779.0,11.0
20087,66044.0,8.5
20089,43234.0,12.8
20091,83516.0,5.3
20093,50526.0,10.5
20095,50081.0,12.1
20097,44374.0,11.6
20099,46819.0,15.3
20101,55083.0,10.2
20103,70740.0,7.4
20105,43865.0,11.8
20107,47300.0,14.1
20109,48024.0,9.7
20111,47279.0,15.9
20113,55686.0,8.5
20115,49980.0,10.9
20117,49466.0,10.8
20119,56397.0,9.9
20121,69327.0,7.3
20123,43743.0,12.0
20125,45808.0,16.8
20127,49561.0,11.2
20129,50698.0,10.9
20131,58729.0,8.2
20133,44073.0,15.5
20135,49258.0,11.1
20137,47697.0,12.3
20139,53537.0,11.7
20141,42832.0,12.5
20143,46585.0,11.4
20145,47677.0,13.0
20147,47196.0,11.6
20149,65956.0,9.8
20151,56540.0,11.2
20153,44596.0,11.9
20155,48588.0,13.4
20157,44247.0,11.7
20159,51102.0,12.3
20161,50212.0,20.4
20163,44086.0,10.9
20165,44203.0,12.1
20167,43139.0,14.2
20169,50072.0,11.8
20171,59798.0,7.6
20173,54176.0,14.2
20175,46541.0,14.9
20177,56810.0,11.7
20179,51363.0,11.5
20181,45991.0,13.2
20183,41047.0,12.8
20185,46396.0,13.2
20187,57769.0,10.2
20189,56569.0,10.3
20191,53212.0,11.8
20193,53249.0,11.5
20195,46634.0,11.6
20197,63690.0,7.6
20199,52621.0,11.2
20201,47889.0,10.0
20203,54401.0,11.6
20205,41866.0,15.3
20207,38840.0,15.6
20209,46032.0,18.4
21000,48332.0,17.1
21001,35026.0,22.5
21003,40955.0,21.8
21005,53113.0,10.4
21007,44010.0,16.0
21009,41477.0,22.1
21011,40507.0,23.0
21013,28150.0,36.7
21015,78163.0,7.1
21017,46281.0,16.7
21019,40752.0,20.1
21021,48290.0,15.5
21023,49416.0,15.6
21025,27372.0,36.2
21027,43148.0,17.9
21029,62550.0,9.2
21031,47146.0,17.1
21033,42857.0,16.0
21035,43554.0,16.6
21037,61384.0,10.9
21039,42019.0,15.1
21041,48404.0,20.8
21043,37186.0,28.2
21045,31395.0,25.1
21047,43124.0,19.3
21049,53784.0,14.1
21051,26386.0,41.7
21053,29641.0,26.4
21055,41522.0,18.1
21057,31736.0,22.8
21059,50359.0,16.1
21061,39490.0,16.9
21063,32846.0,29.7
21065,34096.0,24.8
21067,56192.0,16.5
21069,41029.0,17.4
21071,32841.0,32.2
21073,53198.0,13.7
21075,30761.0,29.0
21077,47907.0,14.7
21079,50518.0,17.0
21081,51849.0,13.9
21083,41963.0,17.5
21085,38133.0,22.5
21087,36809.0,18.5
21089,46699.0,16.0
21091,49475.0,12.2
21093,52673.0,12.8
21095,25815.0,41.5
21097,49694.0,15.3
21099,38182.0,20.0
21101,47589.0,16.2
21103,50721.0,15.3
21105,40902.0,19.1
21107,44419.0,19.3
21109,31355.0,31.4
21111,54977.0,14.1
21113,57015.0,14.7
21115,37724.0,23.3
21117,59594.0,12.0
21119,31788.0,34.6
21121,28586.0,32.2
21123,45288.0,15.1
21125,39830.0,24.3
21127,28672.0,32.8
21129,28084.0,33.7
21131,29317.0,31.0
21133,32635.0,30.8
21135,35056.0,25.6
21137,39347.0,21.0
21139,44435.0,15.4
21141,47174.0,17.9
21143,44318.0,14.3
21145,48994.0,15.2
21147,28024.0,34.4
21149,44574.0,16.4
21151,50783.0,17.0
21153,28077.0,32.1
21155,46125.0,14.8
21157,50786.0,12.1
21159,30177.0,35.8
21161,45608.0,18.0
21163,58873.0,11.2
21165,36595.0,25.4
21167,47611.0,13.4
21169,33139.0,23.4
21171,32518.0,24.3
21173,43890.0,17.7
21175,34121.0,30.1
21177,40338.0,19.4
21179,58960.0,9.8
21181,40264.0,18.8
21183,43142.0,17.6
21185,97960.0,5.1
21187,48362.0,15.7
21189,25344.0,36.8
21191,52861.0,14.6
21193,34105.0,25.9
21195,34076.0,28.8
21197,35817.0,24.6
21199,36295.0,23.7
21201,43227.0,21.1
21203,36756.0,21.3
21205,41050.0,23.7
21207,33575.0,23.3
21209,67234.0,10.4
21211,65054.0,10.8
21213,47542.0,14.4
21215,80808.0,7.5
21217,41087.0,18.2
21219,43512.0,18.0
21221,47963.0,14.0
21223,53024.0,13.5
21225,46708.0,17.8
21227,49966.0,16.1
21229,49750.0,15.2
21231,34382.0,24.9
21233,42968.0,14.7
21235,33809.0,26.5
21237,29326.0,29.9
21239,64177.0,9.3
22000,46283.0,19.6
22001,39252.0,23.1
22003,42846.0,20.8
22005,72154.0,12.6
22007,45774.0,18.9
22009,36177.0,24.6
22011,51422.0,14.6
22013,30483.0,25.4
22015,52158.0,16.8
22017,37636.0,25.8
22019,52407.0,14.2
22021,39863.0,23.4
22023,56025.0,13.2
22025,32380.0,27.8
22027,34109.0,39.5
22029,33873.0,27.7
22031,40839.0,22.8
22033,54494.0,18.9
22035,26431.0,46.7
22037,45839.0,20.6
22039,33942.0,23.6
22041,32485.0,27.9
22043,44298.0,21.0
22045,40964.0,23.8
22047,44410.0,22.9
22049,38893.0,24.6
22051,51461.0,17.1
22053,43317.0,19.3
22055,52827.0,17.4
22057,53081.0,15.8
22059,44125.0,18.4
22061,39941.0,27.9
22063,61297.0,11.4
22065,29507.0,38.9
22067,32988.0,28.0
22069,33439.0,30.3
22071,37407.0,26.1
22073,41301.0,24.7
22075,56199.0,16.2
22077,45675.0,18.8
22079,42238.0,19.9
22081,35662.0,23.3
22083,36432.0,27.8
22085,40021.0,22.2
22087,44553.0,20.0
22089,65335.0,11.4
22091,36723.0,23.2
22093,53045.0,16.7
22095,55941.0,18.1
22097,35693.0,25.6
22099,44574.0,19.2
22101,38413.0,20.5
22103,67926.0,11.1
22105,44256.0,20.9
22107,27959.0,34.9
22109,47971.0,19.7
22111,40395.0,16.4
22113,50562.0,17.0
22115,45711.0,18.3
22117,37792.0,23.1
22119,32522.0,20.3
22121,64921.0,13.5
22123,37759.0,21.2
22125,56584.0,21.0
22127,39474.0,23.7
23000,55980.0,11.3
23001,48446.0,12.4
23003,42600.0,14.4
23005,70661.0,8.1
23007,45280.0,13.7
23009,51009.0,11.0
23011,52265.0,12.4
23013,51723.0,10.7
23015,52019.0,11.4
23017,50367.0,13.5
23019,49836.0,14.3
23021,40841.0,15.5
23023,61047.0,9.7
23025,42426.0,15.9
23027,54547.0,13.1
23029,37943.0,21.1
23031,66025.0,7.8
24000,80711.0,9.4
24001,42564.0,17.0
24003,96133.0,6.1
24005,73309.0,8.3
24009,100000.0,6.0
24011,56338.0,13.8
24013,92890.0,5.0
24015,72259.0,9.7
24017,94478.0,7.5
24019,47011.0,15.7
24021,91727.0,6.7
24023,46899.0,11.8
24025,80922.0,7.1
24027,111576.0,5.9
24029,57760.0,12.8
24031,102944.0,7.0
24033,80858.0,8.6
24035,90696.0,7.7
24037,82433.0,8.5
24039,40320.0,24.7
24041,70620.0,9.1
24043,59828.0,13.3
24045,52341.0,15.0
24047,61405.0,9.9
24510,46762.0,22.1
25000,77385.0,10.5
25001,70576.0,7.6
25003,56063.0,10.6
25005,67085.0,11.1
25007,67390.0,7.6
25009,75309.0,10.2
25011,57930.0,10.4
25013,51850.0,17.1
25015,67774.0,10.2
25017,97851.0,8.0
25019,92347.0,5.7
25021,100710.0,6.7
25023,86026.0,7.3
25025,65999.0,17.9
25027,70222.0,10.4
26000,54840.0,14.1
26001,41615.0,14.6
26003,46991.0,13.0
26005,62421.0,9.5
26007,40603.0,13.8
26009,50583.0,11.1
26011,41275.0,15.7
26013,42180.0,16.7
26015,59460.0,8.8
26017,45771.0,14.5
26019,54065.0,9.4
26021,48924.0,17.3
26023,49387.0,12.6
26025,46113.0,19.1
26027,52063.0,12.0
26029,51457.0,10.1
26031,43724.0,14.3
26033,44586.0,17.0
26035,36661.0,22.3
26037,66003.0,7.4
26039,47068.0,16.6
26041,50802.0,12.6
26043,48291.0,12.1
26045,64318.0,8.7
26047,52796.0,8.5
26049,46457.0,18.3
26051,41667.0,16.6
26053,38343.0,18.7
26055,59674.0,9.3
26057,42653.0,19.5
26059,47610.0,14.0
26061,45127.0,14.9
26063,46627.0,13.4
26065,51186.0,19.8
26067,57318.0,11.6
26069,41755.0,17.0
26071,42082.0,13.5
26073,45683.0,23.8
26075,50895.0,13.3
26077,56199.0,14.0
26079,43357.0,17.1
26081,61146.0,10.4
26083,43812.0,12.2
26085,35005.0,22.1
26087,57621.0,8.7
26089,66372.0,7.1
26091,56416.0,10.4
26093,82076.0,5.3
26095,44479.0,19.0
26097,43427.0,14.3
26099,60475.0,11.2
26101,45504.0,13.5
26103,49472.0,16.7
26105,46579.0,13.3
26107,45785.0,20.3
26109,48627.0,11.8
26111,61290.0,10.7
26113,44553.0,14.2
26115,61121.0,11.7
26117,46664.0,14.9
26119,40170.0,14.1
26121,48885.0,15.2
26123,47521.0,14.4
26125,77558.0,7.8
26127,46423.0,14.6
26129,38220.0,16.2
26131,37208.0,15.6
26133,41268.0,14.7
26135,39253.0,18.0
26137,51814.0,12.0
26139,68816.0,8.2
26141,43244.0,15.4
26143,40306.0,18.8
26145,45433.0,17.5
26147,56671.0,12.4
26149,50854.0,13.0
26151,47287.0,14.5
26153,41973.0,14.6
26155,53055.0,11.1
26157,47357.0,14.2
26159,52114.0,12.8
26161,70509.0,12.9
26163,45182.0,22.6
26165,46072.0,13.5
27000,68364.0,9.5
27001,44344.0,12.1
27003,79097.0,5.4
27005,54502.0,11.7
27007,47336.0,18.8
27009,58572.0,9.7
27011,48553.0,12.3
27013,56137.0,16.3
27015,57742.0,8.0
27017,60740.0,9.3
27019,102511.0,4.0
27021,51884.0,15.1
27023,60039.0,10.5
27025,82118.0,6.1
27027,60213.0,12.0
27029,48115.0,14.8
27031,51146.0,8.8
27033,48976.0,11.3
27035,54065.0,9.8
27037,81004.0,5.8
27039,70431.0,5.8
27041,62809.0,7.3
27043,45963.0,12.1
27045,56165.0,10.3
27047,52117.0,11.8
27049,65953.0,8.0
27051,50943.0,9.2
27053,74568.0,10.5
27055,55558.0,7.6
27057,56129.0,11.5
27059,70594.0,7.9
27061,49934.0,11.2
27063,55981.0,8.6
27065,53181.0,9.4
27067,59816.0,10.6
27069,52327.0,9.4
27071,48942.0,12.7
27073,53046.0,9.8
27075,55622.0,8.4
27077,49828.0,9.7
27079,69581.0,7.7
27081,51278.0,10.4
27083,55255.0,12.2
27085,61822.0,7.7
27087,43591.0,21.0
27089,56330.0,9.4
27091,53805.0,11.1
27093,56068.0,9.1
27095,53273.0,11.0
27097,55709.0,10.5
27099,55772.0,10.6
27101,60682.0,8.2
27103,66944.0,8.8
27105,49935.0,12.8
27107,50481.0,12.7
27109,77110.0,8.3
27111,53033.0,10.3
27113,56015.0,10.3
27115,52226.0,12.2
27117,50784.0,9.7
27119,54717.0,11.6
27121,59903.0,8.0
27123,61924.0,14.0
27125,51785.0,10.3
27127,53985.0,10.0
27129,54758.0,10.4
27131,65011.0,11.1
27133,60041.0,9.3
27135,58742.0,8.3
27137,53013.0,14.5
27139,99685.0,4.0
27141,87094.0,4.3
27143,59378.0,7.7
27145,63017.0,11.0
27147,60143.0,9.3
27149,59406.0,10.3
27151,53561.0,11.5
27153,49962.0,13.3
27155,50692.0,13.0
27157,63374.0,7.0
27159,45716.0,15.7
27161,59246.0,10.3
27163,92582.0,4.2
27165,50678.0,11.2
27167,58118.0,9.3
27169,55577.0,13.8
27171,80805.0,5.4
27173,53596.0,9.9
28000,43595.0,19.9
28001,31044.0,32.5
28003,39528.0,19.1
28005,35422.0,23.3
28007,35158.0,24.1
28009,35797.0,21.8
28011,34216.0,32.4
28013,35886.0,21.8
28015,40798.0,17.6
28017,37231.0,18.2
28019,37561.0,22.1
28021,28518.0,42.6
28023,38840.0,20.8
28025,36044.0,25.4
28027,28921.0,34.8
28029,39107.0,22.5
28031,39644.0,23.0
28033,66125.0,8.7
28035,39394.0,22.7
28037,38370.0,20.6
28039,51185.0,16.0
28041,44337.0,21.7
28043,38827.0,20.4
28045,45535.0,17.0
28047,46709.0,19.7
28049,44076.0,20.2
28051,24783.0,40.8
28053,26489.0,38.4
28055,28075.0,38.1
28057,45718.0,14.5
28059,49699.0,14.5
28061,35916.0,23.8
28063,27925.0,34.1
28065,28043.0,28.7
28067,39459.0,21.3
28069,32026.0,29.8
28071,47899.0,21.1
28073,57125.0,15.5
28075,43538.0,20.5
28077,38446.0,19.7
28079,36031.0,21.7
28081,51559.0,14.0
28083,25569.0,42.2
28085,40898.0,18.2
28087,42277.0,22.2
28089,69820.0,10.7
28091,28967.0,24.7
28093,38498.0,22.8
28095,40371.0,18.2
28097,36182.0,23.2
28099,38728.0,22.4
28101,39898.0,20.4
28103,30130.0,34.5
28105,39387.0,25.5
28107,35927.0,22.7
28109,47757.0,17.2
28111,38997.0,20.5
28113,32525.0,28.0
28115,45396.0,14.6
28117,36654.0,17.7
28119,26740.0,40.9
28121,65504.0,9.3
28123,37201.0,21.9
28125,28842.0,35.5
28127,38385.0,23.0
28129,42517.0,16.3
28131,44159.0,16.3
28133,29704.0,36.2
28135,30998.0,35.2
28137,47296.0,16.5
28139,39695.0,17.9
28141,35031.0,17.9
28143,31492.0,29.1
28145,46979.0,14.5
28147,32078.0,26.1
28149,44227.0,21.4
28151,30865.0,32.7
28153,36339.0,23.0
28155,39479.0,23.0
28157,27962.0,33.1
28159,36305.0,22.5
28161,36834.0,21.3
28163,33051.0,33.9
29000,53506.0,13.4
29001,38784.0,25.6
29003,60759.0,8.0
29005,49469.0,11.9
29007,44212.0,17.2
29009,40765.0,16.1
29011,41796.0,14.7
29013,45392.0,14.4
29015,39588.0,17.2
29017,43611.0,14.8
29019,52179.0,15.1
29021,46516.0,15.6
29023,39642.0,22.7
29025,44252.0,13.9
29027,53317.0,12.3
29029,51489.0,13.6
29031,51955.0,14.6
29033,45404.0,13.9
29035,33793.0,20.9
29037,65839.0,9.2
29039,37958.0,17.2
29041,44587.0,12.7
29043,58931.0,9.9
29045,43130.0,16.0
29047,67666.0,7.4
29049,57807.0,11.1
29051,55315.0,11.7
29053,48851.0,11.5
29055,39306.0,19.4
29057,39127.0,16.6
29059,38685.0,18.5
29061,45342.0,13.8
29063,48060.0,15.5
29065,35445.0,20.2
29067,34265.0,20.4
29069,33721.0,24.6
29071,55937.0,10.4
29073,48711.0,11.9
29075,43182.0,14.0
29077,45608.0,16.2
29079,40305.0,17.9
29081,40139.0,16.7
29083,43615.0,16.1
29085,35170.0,19.3
29087,46560.0,13.9
29089,45858.0,13.3
29091,35483.0,22.3
29093,35682.0,22.6
29095,52585.0,13.8
29097,46611.0,16.8
29099,62334.0,10.7
29101,54417.0,12.8
29103,36866.0,18.6
29105,45267.0,15.6
29107,51745.0,12.5
29109,42856.0,16.0
29111,46517.0,16.0
29113,67986.0,9.8
29115,42331.0,13.5
29117,45448.0,16.3
29119,38468.0,19.1
29121,40037.0,12.6
29123,38206.0,18.6
29125,44366.0,13.9
29127,45064.0,17.2
29129,42048.0,14.5
29131,42042.0,15.0
29133,34185.0,28.5
29135,49452.0,12.0
29137,42299.0,13.5
29139,47044.0,15.2
29141,41908.0,19.7
29143,38542.0,25.4
29145,49161.0,13.2
29147,44273.0,17.0
29149,31714.0,24.3
29151,57694.0,9.2
29153,33284.0,21.5
29155,32224.0,26.4
29157,52132.0,9.7
29159,44867.0,16.0
29161,41330.0,18.4
29163,44040.0,16.4
29165,75651.0,6.2
29167,44214.0,15.1
29169,53168.0,13.0
29171,38024.0,16.5
29173,53965.0,9.6
29175,47327.0,16.9
29177,61592.0,10.3
29179,34424.0,20.4
29181,32331.0,23.9
29183,81827.0,5.3
29185,35230.0,20.4
29186,58797.0,10.8
29187,41708.0,17.7
29189,64926.0,10.0
29195,43235.0,15.6
29197,32860.0,15.9
29199,40900.0,15.6
29201,42581.0,20.2
29203,29152.0,35.9
29205,42444.0,15.7
29207,41824.0,17.1
29209,44384.0,15.5
29211,40517.0,16.1
29213,43110.0,13.8
29215,33457.0,21.2
29217,41284.0,15.6
29219,59723.0,10.1
29221,37318.0,22.8
29223,33390.0,22.9
29225,46039.0,15.5
29227,41017.0,14.8
29229,33191.0,24.3
29510,40876.0,21.4
30000,53262.0,12.7
30001,55842.0,13.8
30003,41957.0,26.8
30005,37653.0,26.2
30007,54523.0,9.8
30009,52726.0,9.4
30011,44774.0,12.9
30013,47882.0,11.9
30015,42598.0,14.5
30017,47675.0,13.0
30019,47032.0,10.2
30021,54210.0,10.7
30023,44295.0,15.9
30025,60495.0,9.1
30027,49892.0,12.7
30029,57389.0,11.0
30031,61446.0,9.8
30033,43753.0,16.4
30035,38345.0,26.2
30037,35850.0,19.0
30039,44834.0,12.2
30041,48470.0,15.7
30043,66813.0,8.4
30045,43748.0,12.7
30047,42265.0,18.8
30049,59819.0,8.3
30051,41798.0,18.5
30053,38257.0,15.6
30055,44001.0,14.7
30057,50248.0,10.0
30059,43001.0,16.0
30061,42452.0,14.5
30063,53141.0,14.3
30065,42255.0,17.2
30067,49550.0,12.9
30069,43669.0,14.1
30071,44168.0,14.4
30073,42175.0,17.7
30075,49446.0,12.2
30077,45418.0,18.7
30079,43238.0,12.0
30081,49997.0,12.5
30083,63343.0,8.7
30085,42379.0,26.1
30087,54998.0,17.3
30089,40582.0,20.5
30091,49862.0,11.0
30093,44762.0,16.3
30095,63140.0,8.5
30097,52303.0,10.0
30099,47750.0,13.5
30101,46896.0,15.7
30103,50432.0,11.7
30105,47676.0,11.8
30107,36771.0,18.5
30109,48092.0,10.8
30111,58031.0,10.3
31000,59913.0,10.7
31001,53321.0,12.1
31003,46560.0,11.2
31005,44109.0,13.8
31007,53040.0,11.7
31009,44016.0,14.5
31011,55493.0,9.2
31013,58728.0,11.6
31015,43189.0,12.6
31017,46768.0,12.1
31019,58800.0,12.7
31021,52879.0,11.5
31023,52033.0,8.5
31025,71166.0,6.0
31027,61159.0,8.3
31029,57965.0,9.3
31031,46894.0,11.7
31033,59971.0,10.2
31035,51775.0,10.8
31037,61176.0,9.2
31039,55465.0,8.3
31041,50627.0,12.1
31043,52055.0,12.7
31045,43627.0,17.0
31047,46395.0,11.5
31049,47584.0,12.2
31051,54941.0,8.8
31053,53152.0,13.7
31055,61706.0,11.4
31057,45680.0,14.9
31059,57539.0,8.2
31061,47002.0,13.7
31063,49455.0,13.1
31065,50675.0,11.2
31067,53305.0,10.7
31069,39446.0,15.6
31071,43478.0,11.6
31073,54787.0,9.2
31075,52665.0,10.0
31077,45037.0,12.5
31079,54546.0,12.0
31081,68296.0,6.5
31083,47829.0,10.4
31085,45136.0,16.7
31087,42567.0,13.7
31089,50370.0,10.8
31091,47327.0,8.6
31093,54671.0,10.0
31095,48930.0,11.5
31097,48518.0,12.7
31099,62499.0,8.4
31101,47598.0,12.3
31103,45688.0,17.7
31105,46571.0,13.8
31107,46163.0,12.6
31109,59681.0,11.4
31111,55934.0,11.6
31113,48579.0,8.9
31115,46875.0,15.8
31117,49875.0,12.7
31119,51184.0,13.1
31121,59984.0,10.2
31123,44062.0,14.3
31125,48972.0,11.8
31127,52229.0,12.6
31129,43712.0,11.5
31131,60469.0,9.1
31133,42962.0,13.2
31135,55033.0,9.3
31137,60695.0,8.8
31139,58375.0,9.5
31141,57693.0,8.6
31143,61422.0,6.9
31145,49447.0,10.9
31147,48087.0,13.0
31149,48373.0,14.3
31151,53662.0,10.6
31153,80842.0,5.1
31155,63849.0,7.6
31157,48662.0,13.3
31159,68762.0,7.5
31161,41247.0,14.3
31163,55432.0,11.7
31165,50910.0,17.1
31167,58295.0,7.8
31169,51757.0,11.6
31171,46927.0,13.5
31173,45328.0,23.3
31175,44907.0,12.1
31177,72385.0,7.2
31179,54548.0,12.2
31181,45768.0,13.0
31183,55906.0,9.2
31185,55950.0,10.1
32000,57932.0,13.3
32001,53302.0,11.5
32003,57217.0,14.0
32005,66092.0,8.2
32007,76439.0,10.6
32009,47053.0,14.6
32011,67976.0,9.0
32013,68753.0,10.5
32015,75943.0,11.1
32017,54844.0,13.8
32019,54588.0,10.8
32021,45589.0,17.5
32023,48513.0,15.8
32027,57885.0,18.2
32029,61751.0,7.0
32031,61506.0,11.1
32033,53765.0,13.8
32510,55228.0,11.0
33000,73638.0,7.7
33001,63902.0,8.3
33003,58005.0,9.3
33005,60844.0,9.4
33007,43836.0,11.7
33009,63322.0,9.4
33011,78171.0,7.9
33013,70408.0,7.3
33015,89049.0,5.1
33017,68864.0,9.4
33019,59493.0,10.3
34000,80106.0,10.0
34001,59309.0,14.4
34003,93805.0,6.6
34005,86777.0,6.5
34007,65817.0,11.7
34009,64450.0,10.4
34011,51786.0,18.4
34013,60284.0,15.7
34015,84639.0,6.7
34017,65673.0,14.1
34019,113083.0,3.9
34021,78161.0,11.4
34023,85187.0,8.5
34025,97627.0,7.3
34027,114269.0,4.9
34029,70493.0,10.2
34031,63127.0,16.5
34033,61322.0,13.3
34035,111838.0,5.3
34037,89744.0,5.3
34039,76830.0,9.3
34041,79633.0,7.4
35000,47086.0,19.0
35001,51091.0,14.6
35003,34458.0,21.2
35005,43341.0,18.9
35006,37753.0,30.1
35007,39372.0,19.8
35009,43590.0,18.9
35011,33095.0,22.0
35013,38562.0,26.3
35015,52932.0,16.9
35017,40684.0,20.3
35019,31915.0,22.6
35021,35441.0,15.1
35023,33557.0,24.8
35025,52358.0,16.1
35027,47141.0,15.8
35028,118380.0,3.7
35029,30621.0,28.3
35031,31746.0,37.8
35033,33671.0,22.6
35035,43338.0,18.5
35037,29600.0,23.9
35039,36977.0,28.9
35041,37767.0,25.7
35043,56937.0,15.3
35045,46977.0,23.1
35047,33205.0,29.2
35049,58639.0,12.2
35051,30356.0,26.6
35053,34880.0,28.3
35055,34980.0,22.8
35057,36886.0,26.7
35059,38627.0,17.6
35061,46155.0,17.5
36000,64783.0,14.1
36001,65659.0,11.3
36003,46491.0,16.3
36005,37377.0,27.9
36007,47910.0,17.5
36009,47875.0,15.8
36011,55460.0,12.6
36013,45840.0,17.7
36015,50562.0,15.3
36017,48161.0,12.6
36019,56436.0,13.7
36021,60629.0,10.5
36023,52038.0,15.7
36025,45385.0,17.9
36027,76955.0,10.1
36029,55581.0,14.5
36031,52741.0,10.6
36033,50187.0,18.9
36035,46984.0,15.9
36037,55522.0,10.8
36039,54635.0,12.7
36041,51520.0,9.8
36043,46733.0,14.3
36045,47436.0,15.1
36047,56548.0,19.8
36049,51857.0,12.5
36051,56407.0,12.0
36053,56477.0,10.8
36055,57660.0,14.6
36057,46601.0,17.8
36059,107465.0,6.2
36061,84133.0,16.3
36063,54317.0,12.4
36065,53234.0,16.1
36067,57641.0,13.7
36069,65271.0,9.3
36071,77606.0,10.9
36073,48799.0,15.2
36075,52732.0,16.3
36077,51561.0,13.1
36079,98765.0,5.4
36081,64046.0,12.2
36083,63457.0,11.5
36085,78466.0,11.9
36087,87873.0,13.3
36089,49607.0,18.9
36091,82732.0,6.6
36093,61841.0,12.8
36095,51007.0,13.9
36097,48782.0,13.9
36099,54563.0,12.0
36101,50807.0,12.8
36103,94108.0,7.0
36105,52504.0,14.9
36107,57190.0,9.9
36109,56539.0,18.6
36111,62531.0,13.7
36113,58859.0,9.7
36115,53609.0,11.7
36117,52709.0,12.1
36119,90483.0,8.5
36121,53986.0,11.2
36123,49198.0,13.9
37000,52797.0,14.7
37001,47914.0,14.4
37003,48577.0,11.7
37005,38994.0,20.9
37007,41266.0,22.2
37009,40611.0,15.9
37011,40682.0,18.6
37013,43497.0,22.0
37015,33022.0,27.2
37017,38059.0,20.7
37019,56227.0,11.9
37021,50271.0,11.5
37023,42179.0,16.6
37025,62167.0,11.1
37027,44798.0,16.3
37029,64086.0,8.0
37031,53192.0,13.3
37033,44998.0,19.3
37035,53348.0,12.5
37037,63373.0,10.3
37039,38283.0,17.2
37041,43182.0,17.6
37043,43684.0,15.4
37045,39911.0,18.8
37047,37639.0,23.1
37049,51390.0,16.3
37051,44065.0,18.6
37053,62397.0,10.7
37055,57316.0,9.4
37057,47595.0,15.2
37059,58147.0,12.2
37061,39470.0,20.7
37063,60045.0,15.7
37065,35130.0,25.5
37067,50803.0,16.6
37069,53076.0,15.7
37071,50016.0,15.1
37073,50164.0,15.7
37075,37748.0,18.1
37077,53142.0,12.6
37079,40131.0,27.6
37081,52284.0,14.5
37083,34027.0,28.1
37085,51406.0,16.4
37087,47872.0,14.5
37089,51314.0,10.7
37091,38786.0,24.4
37093,50777.0,15.9
37095,41214.0,21.9
37097,56559.0,11.3
37099,46113.0,17.0
37101,58647.0,15.1
37103,41523.0,22.3
37105,53297.0,14.8
37107,39411.0,24.7
37109,57042.0,12.5
37111,42853.0,16.2
37113,42456.0,16.2
37115,41891.0,17.6
37117,37225.0,20.5
37119,65750.0,11.4
37121,40589.0,16.7
37123,43695.0,17.8
37125,62781.0,10.7
37127,47597.0,15.8
37129,53692.0,15.5
37131,36190.0,24.3
37133,49634.0,13.5
37135,69422.0,13.4
37137,48410.0,17.4
37139,46709.0,20.2
37141,52187.0,12.6
37143,45011.0,18.0
37145,50269.0,15.1
37147,46229.0,21.7
37149,45587.0,12.5
37151,44207.0,15.8
37153,36401.0,24.8
37155,33714.0,29.0
37157,46247.0,16.3
37159,47541.0,15.3
37161,40758.0,16.1
37163,41951.0,20.7
37165,37947.0,26.4
37167,49871.0,12.4
37169,48748.0,14.1
37171,43023.0,16.1
37173,41407.0,15.8
37175,47587.0,15.2
37177,35223.0,24.4
37179,77875.0,9.1
37181,39847.0,23.4
37183,77641.0,8.9
37185,36831.0,20.9
37187,36171.0,24.8
37189,48417.0,20.5
37191,44592.0,20.3
37193,42453.0,18.5
37195,44825.0,18.1
37197,46885.0,13.4
37199,41053.0,16.5
38000,62400.0,10.2
38001,50847.0,9.5
38003,56696.0,10.7
38005,41941.0,28.4
38007,74312.0,9.2
38009,55775.0,10.0
38011,59451.0,8.4
38013,62629.0,9.1
38015,70075.0,7.3
38017,64428.0,8.6
38019,59794.0,9.6
38021,53564.0,10.5
38023,55867.0,10.0
38025,67337.0,10.5
38027,49725.0,10.6
38029,46681.0,13.9
38031,58752.0,8.0
38033,63054.0,10.6
38035,50933.0,14.8
38037,48189.0,15.3
38039,51823.0,8.7
38041,51827.0,11.8
38043,46708.0,13.1
38045,57808.0,10.3
38047,46948.0,13.1
38049,53060.0,11.1
38051,43804.0,12.0
38053,75408.0,8.5
38055,61121.0,9.1
38057,82991.0,6.2
38059,63279.0,8.3
38061,64247.0,9.7
38063,47708.0,10.9
38065,68151.0,9.4
38067,56164.0,8.3
38069,48380.0,11.8
38071,56464.0,12.3
38073,62465.0,7.6
38075,60178.0,7.9
38077,61361.0,10.0
38079,40777.0,27.1
38081,62940.0,7.7
38083,40786.0,16.3
38085,34705.0,35.9
38087,55326.0,12.1
38089,66925.0,9.0
38091,66210.0,7.8
38093,57265.0,9.7
38095,51382.0,10.1
38097,63204.0,7.7
38099,50807.0,10.3
38101,62932.0,10.1
38103,54556.0,10.8
38105,80161.0,6.6
39000,54077.0,13.9
39001,41644.0,18.6
39003,51325.0,15.2
39005,51103.0,11.4
39007,45157.0,19.3
39009,42955.0,28.8
39011,63336.0,8.7
39013,52221.0,11.1
39015,48207.0,16.9
39017,64026.0,10.7
39019,51296.0,13.0
39021,54335.0,11.0
39023,47654.0,15.4
39025,66193.0,8.7
39027,50794.0,13.0
39029,43123.0,15.1
39031,44471.0,15.7
39033,45395.0,15.5
39035,46918.0,18.1
39037,53954.0,9.2
39039,59538.0,9.5
39041,107676.0,4.8
39043,54849.0,12.4
39045,67276.0,9.0
39047,46067.0,15.6
39049,59214.0,16.0
39051,59214.0,8.2
39053,43149.0,19.0
39055,82744.0,6.4
39057,68040.0,9.8
39059,43733.0,18.2
39061,55178.0,16.2
39063,54386.0,9.7
39065,47185.0,15.8
39067,48160.0,12.8
39069,57678.0,8.2
39071,43840.0,16.8
39073,48397.0,14.5
39075,61593.0,9.0
39077,48244.0,14.8
39079,44671.0,17.9
39081,43520.0,17.6
39083,52061.0,10.7
39085,60521.0,8.7
39087,43108.0,19.5
39089,62658.0,8.9
39091,54782.0,11.1
39093,55443.0,13.5
39095,47562.0,17.9
39097,69937.0,9.6
39099,43904.0,18.4
39101,46450.0,16.5
39103,72926.0,6.0
39105,42200.0,19.9
39107,60055.0,6.9
39109,60800.0,9.0
39111,44868.0,15.2
39113,48039.0,15.9
39115,41375.0,20.5
39117,55466.0,11.2
39119,44884.0,14.8
39121,44835.0,16.2
39123,55968.0,8.9
39125,52534.0,10.2
39127,51702.0,15.7
39129,62445.0,12.0
39131,43499.0,20.0
39133,59490.0,11.8
39135,52300.0,9.9
39137,62944.0,6.4
39139,47141.0,13.4
39141,50387.0,16.3
39143,53058.0,11.1
39145,41843.0,21.4
39147,47805.0,13.6
39149,60148.0,8.1
39151,51214.0,14.3
39153,55531.0,12.9
39155,46340.0,15.4
39157,51408.0,12.8
39159,86609.0,5.2
39161,49120.0,11.4
39163,40927.0,19.8
39165,85532.0,4.7
39167,46417.0,14.6
39169,56172.0,12.9
39171,50347.0,10.7
39173,61774.0,10.8
39175,47527.0,8.8
40000,50051.0,15.8
40001,33187.0,27.2
40003,52017.0,15.8
40005,38595.0,19.1
40007,53242.0,12.4
40009,49784.0,17.3
40011,46253.0,17.7
40013,41563.0,18.2
40015,41085.0,21.1
40017,73878.0,7.5
40019,45755.0,17.0
40021,40051.0,21.2
40023,30501.0,26.3
40025,40370.0,17.4
40027,61364.0,11.6
40029,37874.0,22.1
40031,50530.0,16.8
40033,42518.0,18.5
40035,39320.0,19.8
40037,47397.0,16.3
40039,47244.0,14.9
40041,37173.0,18.4
40043,48939.0,13.5
40045,48001.0,13.5
40047,49116.0,14.0
40049,41990.0,17.1
40051,54887.0,13.2
40053,45025.0,12.7
40055,34254.0,25.9
40057,35144.0,24.4
40059,50101.0,11.1
40061,36551.0,20.4
40063,35875.0,23.6
40065,44733.0,17.4
40067,36169.0,23.0
40069,40129.0,18.0
40071,45447.0,16.6
40073,61728.0,9.8
40075,36003.0,25.3
40077,37358.0,17.4
40079,38576.0,22.4
40081,47011.0,16.2
40083,60628.0,12.4
40085,48312.0,13.4
40087,63787.0,10.4
40089,32092.0,26.0
40091,37210.0,19.9
40093,49929.0,11.9
40095,45133.0,15.8
40097,45343.0,17.2
40099,46602.0,15.5
40101,38692.0,24.8
40103,57383.0,12.8
40105,41183.0,17.0
40107,37551.0,24.2
40109,51389.0,15.9
40111,42811.0,18.1
40113,47084.0,16.8
40115,38168.0,19.9
40117,46570.0,18.5
40119,40237.0,23.8
40121,44194.0,17.7
40123,44913.0,17.9
40125,48103.0,15.2
40127,35695.0,20.0
40129,51695.0,16.6
40131,61731.0,10.1
40133,36780.0,22.1
40135,37755.0,20.5
40137,47637.0,15.0
40139,48412.0,16.8
40141,39581.0,23.0
40143,52579.0,14.4
40145,59466.0,10.0
40147,51691.0,14.3
40149,44970.0,16.2
40151,49979.0,14.6
40153,52345.0,13.9
41000,60123.0,13.2
41001,43929.0,17.7
41003,60572.0,16.0
41005,79404.0,8.3
41007,52706.0,12.2
41009,61453.0,12.3
41011,42464.0,19.9
41013,47940.0,13.3
41015,40580.0,15.5
41017,65506.0,9.7
41019,47157.0,14.9
41021,53792.0,11.2
41023,46329.0,15.3
41025,42883.0,15.7
41027,63951.0,10.6
41029,51364.0,14.3
41031,49616.0,17.2
41033,43492.0,17.8
41035,41875.0,19.2
41037,43627.0,18.9
41039,50711.0,16.6
41041,45435.0,16.2
41043,51888.0,14.3
41045,41786.0,22.2
41047,56148.0,15.2
41049,51673.0,14.2
41051,63587.0,14.4
41053,56917.0,14.7
41055,56096.0,12.2
41057,48470.0,13.9
41059,51586.0,15.6
41061,46753.0,13.3
41063,47822.0,13.5
41065,49735.0,13.8
41067,80845.0,8.0
41069,40047.0,20.6
41071,62759.0,11.0
42000,59165.0,12.5
42001,62997.0,8.2
42003,58547.0,11.2
42005,46227.0,12.9
42007,54739.0,11.1
42009,47760.0,12.3
42011,61022.0,11.7
42013,46072.0,14.5
42015,47457.0,13.3
42017,84784.0,6.1
42019,68709.0,8.4
42021,46007.0,15.0
42023,41335.0,15.1
42025,51395.0,12.5
42027,56366.0,17.2
42029,96803.0,6.3
42031,45657.0,16.1
42033,47818.0,15.0
42035,45036.0,16.2
42037,51302.0,13.5
42039,49044.0,14.6
42041,69222.0,7.3
42043,61229.0,12.1
42045,73637.0,9.8
42047,51711.0,9.9
42049,50419.0,15.7
42051,42892.0,17.9
42053,40564.0,22.0
42055,60077.0,9.7
42057,50716.0,12.6
42059,48590.0,14.7
42061,49655.0,14.9
42063,46084.0,14.7
42065,43911.0,14.2
42067,48334.0,12.2
42069,49082.0,14.3
42071,63402.0,9.9
42073,48666.0,13.3
42075,57389.0,10.8
42077,60706.0,12.4
42079,50982.0,13.8
42081,50292.0,12.9
42083,45031.0,17.3
42085,46851.0,12.4
42087,50449.0,12.7
42089,61296.0,9.3
42091,87338.0,5.8
42093,62595.0,9.9
42095,65872.0,10.0
42097,45352.0,14.3
42099,61225.0,9.5
42101,40193.0,25.3
42103,67317.0,9.1
42105,41309.0,16.5
42107,49360.0,12.1
42109,54336.0,11.3
42111,47950.0,12.6
42113,43800.0,13.9
42115,50612.0,13.1
42117,47500.0,15.1
42119,58310.0,12.2
42121,47593.0,14.2
42123,49788.0,13.9
42125,60332.0,9.4
42127,49985.0,12.9
42129,60308.0,9.9
42131,55820.0,11.9
42133,63493.0,9.4
44000,62923.0,12.3
44001,72614.0,7.7
44003,72765.0,8.5
44005,77186.0,9.0
44007,55848.0,14.7
44009,78599.0,8.9
45000,50675.0,15.4
45001,41118.0,20.3
45003,51583.0,14.8
45005,28135.0,36.7
45007,48846.0,14.4
45009,32693.0,26.5
45011,36568.0,27.7
45013,60319.0,10.7
45015,57399.0,11.7
45017,45149.0,18.2
45019,60144.0,13.3
45021,34962.0,20.2
45023,40850.0,19.3
45025,38881.0,22.1
45027,36647.0,23.2
45029,36139.0,22.4
45031,38886.0,21.9
45033,32229.0,29.8
45035,63269.0,10.0
45037,48059.0,17.3
45039,40285.0,19.3
45041,43727.0,18.6
45043,48373.0,17.1
45045,56311.0,12.4
45047,42740.0,18.3
45049,36834.0,25.1
45051,45979.0,16.1
45053,40960.0,19.9
45055,50627.0,14.4
45057,57667.0,13.6
45059,41695.0,21.9
45061,33756.0,25.8
45063,60329.0,11.7
45065,44644.0,18.5
45067,31438.0,27.5
45069,33412.0,28.0
45071,42538.0,19.0
45073,51087.0,16.0
45075,36358.0,24.4
45077,48133.0,15.3
45079,52187.0,16.9
45081,44487.0,18.0
45083,51035.0,13.7
45085,44375.0,19.1
45087,41327.0,18.0
45089,32421.0,26.8
45091,62620.0,11.2
46000,56871.0,12.8
46003,49406.0,10.9
46005,45878.0,15.7
46007,35529.0,34.9
46009,48110.0,13.1
46011,56947.0,13.0
46013,55572.0,10.9
46015,50165.0,14.3
46017,22679.0,43.3
46019,44135.0,13.7
46021,49459.0,9.8
46023,42196.0,24.9
46025,48207.0,11.4
46027,44943.0,20.2
46029,56913.0,11.2
46031,30446.0,42.4
46033,56894.0,11.3
46035,52171.0,12.8
46037,48656.0,15.7
46039,55326.0,9.2
46041,37621.0,34.9
46043,50666.0,12.1
46045,56083.0,10.7
46047,45273.0,14.0
46049,47700.0,14.2
46051,58575.0,10.0
46053,38420.0,16.5
46055,46694.0,12.0
46057,61935.0,9.0
46059,51252.0,10.5
46061,62790.0,9.2
46063,53035.0,10.9
46065,63049.0,10.3
46067,53170.0,11.5
46069,50134.0,10.2
46071,32023.0,36.2
46073,45021.0,12.9
46075,41679.0,13.7
46077,54274.0,10.3
46079,59743.0,10.1
46081,52141.0,13.6
46083,89458.0,3.5
46085,43798.0,22.2
46087,58271.0,9.4
46089,40867.0,15.6
46091,58651.0,12.1
46093,59563.0,9.1
46095,32358.0,38.0
46097,51405.0,12.0
46099,61182.0,9.0
46101,57740.0,10.7
46102,34411.0,41.5
46103,55104.0,12.9
46105,46997.0,12.8
46107,53386.0,9.4
46109,44020.0,17.6
46111,48923.0,13.5
46115,50965.0,10.3
46117,66343.0,7.6
46119,55421.0,8.3
46121,29046.0,50.4
46123,42724.0,19.0
46125,56203.0,10.2
46127,82100.0,6.1
46129,46550.0,12.3
46135,55907.0,11.4
46137,29985.0,56.7
47000,51319.0,15.0
47001,48679.0,15.3
47003,50904.0,16.8
47005,36034.0,18.8
47007,38261.0,23.1
47009,51391.0,12.1
47011,48663.0,16.9
47013,40866.0,19.2
47015,51795.0,15.0
47017,41492.0,19.5
47019,39725.0,20.7
47021,59103.0,11.0
47023,45261.0,16.9
47025,37886.0,22.5
47027,34035.0,24.8
47029,35788.0,23.0
47031,48188.0,14.9
47033,40480.0,17.7
47035,45118.0,14.1
47037,58264.0,14.6
47039,38988.0,19.4
47041,42080.0,17.1
47043,49518.0,11.3
47045,44549.0,17.3
47047,60112.0,13.9
47049,32895.0,23.4
47051,49596.0,14.9
47053,42859.0,16.4
47055,47838.0,15.2
47057,43190.0,18.3
47059,40145.0,17.7
47061,34454.0,23.0
47063,44181.0,16.7
47065,52096.0,12.5
47067,29689.0,28.4
47069,38426.0,23.0
47071,39318.0,18.7
47073,41397.0,16.7
47075,34556.0,20.6
47077,43806.0,15.2
47079,41756.0,18.3
47081,42824.0,17.0
47083,42018.0,15.7
47085,45866.0,13.6
47087,36815.0,18.0
47089,45556.0,14.1
47091,36331.0,24.3
47093,55299.0,13.9
47095,31144.0,39.9
47097,38718.0,20.8
47099,41505.0,15.6
47101,37959.0,17.5
47103,49295.0,13.0
47105,57641.0,12.6
47107,39860.0,22.4
47109,39407.0,17.1
47111,41266.0,17.2
47113,46424.0,17.5
47115,47331.0,15.7
47117,52415.0,11.7
47119,56999.0,10.4
47121,45695.0,17.4
47123,43749.0,17.6
47125,57431.0,12.8
47127,55448.0,9.9
47129,40667.0,20.3
47131,38160.0,20.7
47133,37154.0,17.8
47135,37135.0,21.1
47137,39858.0,16.9
47139,41191.0,15.7
47141,42437.0,19.0
47143,43426.0,16.0
47145,48391.0,15.2
47147,59771.0,11.6
47149,68082.0,10.1
47151,34828.0,22.8
47153,45100.0,16.7
47155,48482.0,12.6
47157,49563.0,18.9
47159,47653.0,13.0
47161,48175.0,16.1
47163,45224.0,15.7
47165,65174.0,8.8
47167,56511.0,14.0
47169,49711.0,17.5
47171,41188.0,16.4
47173,40357.0,19.0
47175,38478.0,17.5
47177,37692.0,21.6
47179,43194.0,14.9
47181,36612.0,21.2
47183,39424.0,22.1
47185,39642.0,16.0
47187,111427.0,3.9
47189,70674.0,8.4
48000,59195.0,14.7
48001,42412.0,18.8
48003,63451.0,13.0
48005,45318.0,20.0
48007,46970.0,18.1
48009,58311.0,10.1
48011,55337.0,10.6
48013,48636.0,16.9
48015,61111.0,10.7
48017,42045.0,17.2
48019,55578.0,11.9
48021,62992.0,11.5
48023,37013.0,17.7
48025,41392.0,26.6
48027,52164.0,13.8
48029,54163.0,15.6
48031,62115.0,10.6
48033,59039.0,11.0
48035,49139.0,16.0
48037,49153.0,15.9
48039,80840.0,9.0
48041,46083.0,23.9
48043,44617.0,14.0
48045,42678.0,15.3
48047,28106.0,35.0
48049,41538.0,16.8
48051,47409.0,16.6
48053,59009.0,10.4
48055,51895.0,14.5
48057,55240.0,16.3
48059,45843.0,14.0
48061,36624.0,27.7
48063,41932.0,20.3
48065,60668.0,8.5
48067,40104.0,19.0
48069,41746.0,17.2
48071,81018.0,9.5
48073,47147.0,17.2
48075,40925.0,20.3
48077,53438.0,11.8
48079,40796.0,24.8
48081,42314.0,13.3
48083,35596.0,25.2
48085,95394.0,5.9
48087,39809.0,18.0
48089,49100.0,14.9
48091,72562.0,8.9
48093,46161.0,15.0
48095,42723.0,15.4
48097,57382.0,13.0
48099,51486.0,13.6
48101,36201.0,21.2
48103,56356.0,11.7
48105,44991.0,16.8
48107,36942.0,22.3
48109,37825.0,22.1
48111,47838.0,11.5
48113,56732.0,14.8
48115,42127.0,21.7
48117,42698.0,17.7
48119,41644.0,17.5
48121,86462.0,7.1
48123,47657.0,18.8
48125,38702.0,21.2
48127,35696.0,31.2
48129,41867.0,19.9
48131,33495.0,28.6
48133,39620.0,16.8
48135,54422.0,13.5
48137,35164.0,22.6
48139,71512.0,8.5
48141,44120.0,21.0
48143,48230.0,15.8
48145,35988.0,27.6
48147,50598.0,12.9
48149,56320.0,10.8
48151,47292.0,14.7
48153,41390.0,20.2
48155,35007.0,18.0
48157,91661.0,8.0
48159,44358.0,14.8
48161,47616.0,16.1
48163,37853.0,27.9
48165,52138.0,15.0
48167,69674.0,12.0
48169,46587.0,25.3
48171,58412.0,10.9
48173,78088.0,9.4
48175,52403.0,15.2
48177,45052.0,16.7
48179,46599.0,17.0
48181,54431.0,13.4
48183,47208.0,16.5
48185,48023.0,18.0
48187,66886.0,9.3
48189,43570.0,19.9
48191,32980.0,24.0
48193,44230.0,16.1
48195,55761.0,11.9
48197,39022.0,18.0
48199,58829.0,12.7
48201,58664.0,15.9
48203,50584.0,17.3
48205,69000.0,8.9
48207,35075.0,20.6
48209,66525.0,12.2
48211,64338.0,10.0
48213,44500.0,17.2
48215,36978.0,29.5
48217,47162.0,14.9
48219,48449.0,16.2
48221,64687.0,10.6
48223,44925.0,13.7
48225,37723.0,22.3
48227,46899.0,18.1
48229,39683.0,18.3
48231,53421.0,16.9
48233,53465.0,12.9
48235,63827.0,9.3
48237,47824.0,17.4
48239,49350.0,16.0
48241,43368.0,20.0
48243,38537.0,12.8
48245,47852.0,18.6
48247,32319.0,27.3
48249,40681.0,23.7
48251,61813.0,10.4
48253,44132.0,20.9
48255,48708.0,22.1
48257,65942.0,9.3
48259,89637.0,7.3
48261,38031.0,15.2
48263,45330.0,13.3
48265,49748.0,13.3
48267,41081.0,18.6
48269,56346.0,13.9
48271,42650.0,20.1
48273,41257.0,25.5
48275,37749.0,20.6
48277,47212.0,16.2
48279,41099.0,20.0
48281,55759.0,13.2
48283,41518.0,29.2
48285,51191.0,12.1
48287,54164.0,12.7
48289,43189.0,16.1
48291,50420.0,15.5
48293,41434.0,19.1
48295,54091.0,13.4
48297,50430.0,17.4
48299,51078.0,12.9
48301,65203.0,9.7
48303,47460.0,18.9
48305,44567.0,18.1
48307,40157.0,19.4
48309,47306.0,17.3
48311,68133.0,11.6
48313,42058.0,18.3
48315,36936.0,22.8
48317,59907.0,13.3
48319,47213.0,12.5
48321,46801.0,18.0
48323,33507.0,27.0
48325,56173.0,14.7
48327,34033.0,20.6
48329,76307.0,10.7
48331,44855.0,19.3
48333,42463.0,15.8
48335,41512.0,20.6
48337,47590.0,15.3
48339,77149.0,8.9
48341,51444.0,11.7
48343,39627.0,18.4
48345,36782.0,17.7
48347,42367.0,23.9
48349,41944.0,16.9
48351,41736.0,20.8
48353,42662.0,19.3
48355,51910.0,16.1
48357,58962.0,12.3
48359,55451.0,12.8
48361,57257.0,13.7
48363,45869.0,16.8
48365,48971.0,15.0
48367,74076.0,8.0
48369,48189.0,13.3
48371,44352.0,20.6
48373,44596.0,18.0
48375,43778.0,18.5
48377,29761.0,23.4
48379,43403.0,17.0
48381,63077.0,8.8
48383,58168.0,11.4
48385,36146.0,18.2
48387,35643.0,19.5
48389,40694.0,25.1
48391,42898.0,16.9
48393,67688.0,7.0
48395,44355.0,17.4
48397,98442.0,5.3
48399,41830.0,17.3
48401,49872.0,15.2
48403,37770.0,20.2
48405,39133.0,21.6
48407,44707.0,18.2
48409,50752.0,19.0
48411,43112.0,17.1
48413,45821.0,16.2
48415,51772.0,17.2
48417,61155.0,14.2
48419,39745.0,20.8
48421,49349.0,12.5
48423,54044.0,15.6
48425,62803.0,10.4
48427,28377.0,32.0
48429,41977.0,19.5
48431,55690.0,12.2
48433,43702.0,15.3
48435,57986.0,14.3
48437,41264.0,19.9
48439,65021.0,11.6
48441,50338.0,15.2
48443,39033.0,19.3
48445,40899.0,21.5
48447,38162.0,15.4
48449,47097.0,16.3
48451,49462.0,13.5
48453,72785.0,11.5
48455,34741.0,21.0
48457,43394.0,19.6
48459,47517.0,16.4
48461,56448.0,14.0
48463,39610.0,20.5
48465,41441.0,21.4
48467,50308.0,13.1
48469,52161.0,15.7
48471,42304.0,23.1
48473,55224.0,15.5
48475,53242.0,15.1
48477,51276.0,12.9
48479,41979.0,27.3
48481,46194.0,16.0
48483,45356.0,14.5
48485,44593.0,16.8
48487,40353.0,16.4
48489,30392.0,35.0
48491,82131.0,6.1
48493,70829.0,9.1
48495,51965.0,14.7
48497,60675.0,11.1
48499,49739.0,15.2
48501,58363.0,12.0
48503,44909.0,15.8
48505,32172.0,30.0
48507,28867.0,31.6
49000,68395.0,9.7
49001,51187.0,9.2
49003,63624.0,7.9
49005,55036.0,15.0
49007,47627.0,15.3
49009,55521.0,6.7
49011,80433.0,5.4
49013,60569.0,13.3
49015,52877.0,13.2
49017,50945.0,9.9
49019,48920.0,10.8
49021,48168.0,15.6
49023,60078.0,10.2
49025,49982.0,10.9
49027,56215.0,12.4
49029,96201.0,4.1
49031,41334.0,16.7
49033,58807.0,9.2
49035,71396.0,9.2
49037,43962.0,25.9
49039,52251.0,14.2
49041,52668.0,12.4
49043,100879.0,4.9
49045,72198.0,6.8
49047,57355.0,12.7
49049,70461.0,10.5
49051,83344.0,5.2
49053,55518.0,11.2
49055,43805.0,13.7
49057,62937.0,10.8
50000,58271.0,10.8
50001,59467.0,8.3
50003,52770.0,12.3
50005,46299.0,15.0
50007,65851.0,10.8
50009,40288.0,14.6
50011,60670.0,8.9
50013,61971.0,8.2
50015,56965.0,11.8
50017,56138.0,10.4
50019,44070.0,15.2
50021,53492.0,10.8
50023,62203.0,9.4
50025,47827.0,11.6
50027,58403.0,9.9
51000,71518.0,10.7
51001,44038.0,17.8
51003,77591.0,7.9
51005,49655.0,14.5
51007,54979.0,11.4
51009,48980.0,12.7
51011,50148.0,11.9
51013,114705.0,5.7
51015,58368.0,8.9
51017,48753.0,10.1
51019,65172.0,9.0
51021,45564.0,13.7
51023,70388.0,6.4
51025,42569.0,21.5
51027,32993.0,27.9
51029,41763.0,17.5
51031,50849.0,11.3
51033,62207.0,9.6
51035,42262.0,16.8
51036,54504.0,12.0
51037,40864.0,17.4
51041,80573.0,6.7
51043,76359.0,6.7
51045,50210.0,11.7
51047,69318.0,9.9
51049,44699.0,15.3
51051,33383.0,25.0
51053,57284.0,10.1
51057,50112.0,13.6
51059,117989.0,6.7
51061,96835.0,5.7
51063,48341.0,12.4
51065,71863.0,6.7
51067,51031.0,13.3
51069,72139.0,6.7
51071,52808.0,11.4
51073,63902.0,9.8
51075,100686.0,6.1
51077,37247.0,19.1
51079,65394.0,8.3
51081,47097.0,23.9
51083,42552.0,17.9
51085,89723.0,5.4
51087,67434.0,9.5
51089,41206.0,16.2
51091,43939.0,12.5
51093,70842.0,8.5
51095,88149.0,6.8
51097,51055.0,12.3
51099,86878.0,6.8
51101,69806.0,6.8
51103,50793.0,12.9
51105,32152.0,28.2
51107,136191.0,3.0
51109,60641.0,10.8
51111,36591.0,20.5
51113,58680.0,11.3
51115,59296.0,9.7
51117,42275.0,17.5
51119,51534.0,13.6
51121,54297.0,23.0
51125,53965.0,13.2
51127,89682.0,5.5
51131,41160.0,18.6
51133,53381.0,14.4
51135,40911.0,22.1
51137,62707.0,9.1
51139,45691.0,15.4
51141,40421.0,14.5
51143,47411.0,12.6
51145,87756.0,5.4
51147,43761.0,23.4
51149,68884.0,10.7
51153,100431.0,6.1
51155,48743.0,14.8
51157,68166.0,8.9
51159,48355.0,18.4
51161,65171.0,7.3
51163,53606.0,12.6
51165,59492.0,8.4
51167,39219.0,20.2
51169,39640.0,17.6
51171,56733.0,9.5
51173,42008.0,17.7
51175,49512.0,14.7
51177,85743.0,6.9
51179,111184.0,4.6
51181,49064.0,12.8
51183,41594.0,22.4
51185,38855.0,18.1
51187,63785.0,9.3
51191,49866.0,13.9
51193,50046.0,15.5
51195,37460.0,23.3
51197,46795.0,13.8
51199,85292.0,5.0
51510,99959.0,10.1
51515,,
51520,38232.0,19.3
51530,42924.0,14.0
51540,54034.0,20.3
51550,75529.0,9.3
51570,53769.0,9.8
51580,38000.0,15.9
51590,33626.0,24.4
51595,35770.0,23.4
51600,99662.0,7.7
51610,123923.0,3.4
51620,37117.0,20.8
51630,56580.0,14.1
51640,33391.0,21.5
51650,52894.0,15.5
51660,44688.0,23.3
51670,40209.0,19.9
51678,47749.0,24.5
51680,44122.0,18.8
51683,75621.0,8.7
51685,80482.0,7.1
51690,34463.0,22.5
51700,49635.0,17.2
51710,48218.0,20.9
51720,33442.0,22.3
51730,36038.0,21.8
51735,99089.0,5.0
51740,48532.0,18.5
51750,40941.0,28.6
51760,46073.0,24.0
51770,43135.0,19.3
51775,54989.0,10.8
51790,51551.0,13.1
51800,68961.0,11.3
51810,72126.0,8.3
51820,44008.0,14.9
51830,53737.0,22.5
51840,49588.0,12.6
53000,70942.0,11.0
53001,48056.0,15.8
53003,50777.0,12.9
53005,64717.0,12.0
53007,57284.0,13.3
53009,49070.0,16.4
53011,74243.0,10.2
53013,50322.0,13.5
53015,50617.0,16.4
53017,54580.0,13.4
53019,43665.0,17.3
53021,61285.0,13.4
53023,52682.0,14.0
53025,55807.0,14.7
53027,47619.0,18.3
53029,63529.0,9.2
53031,53364.0,12.7
53033,89519.0,9.3
53035,72795.0,8.3
53037,56393.0,14.2
53039,55282.0,14.5
53041,50086.0,15.0
53043,53504.0,12.6
53045,55030.0,14.5
53047,44819.0,20.4
53049,45526.0,16.9
53051,48574.0,16.3
53053,69027.0,10.2
53055,59538.0,10.3
53057,65505.0,11.3
53059,59639.0,12.0
53061,82405.0,7.3
53063,53438.0,14.1
53065,52136.0,14.8
53067,71370.0,10.5
53069,53694.0,12.3
53071,54243.0,13.6
53073,61026.0,13.0
53075,44913.0,21.4
53077,47573.0,18.1
54000,43238.0,18.5
54001,37255.0,21.2
54003,59071.0,11.8
54005,38584.0,21.4
54007,37762.0,22.5
54009,50775.0,13.2
54011,38191.0,26.1
54013,33527.0,24.8
54015,34321.0,27.3
54017,44370.0,20.1
54019,38063.0,22.3
54021,35429.0,26.6
54023,41040.0,14.5
54025,37902.0,18.5
54027,47606.0,16.9
54029,44623.0,14.9
54031,44263.0,14.4
54033,51711.0,16.8
54035,45199.0,17.0
54037,70203.0,10.4
54039,43598.0,18.1
54041,41908.0,18.4
54043,36055.0,25.7
54045,34925.0,29.2
54047,26491.0,31.7
54049,46514.0,16.2
54051,41471.0,19.1
54053,40314.0,20.2
54055,36160.0,21.0
54057,45144.0,13.6
54059,30880.0,31.0
54061,50621.0,17.3
54063,44230.0,16.5
54065,44448.0,13.0
54067,37358.0,20.1
54069,47818.0,12.7
54071,41281.0,15.3
54073,47118.0,13.1
54075,35367.0,18.9
54077,45215.0,17.5
54079,59815.0,10.4
54081,41286.0,19.9
54083,37208.0,19.6
54085,40636.0,18.5
54087,37067.0,21.2
54089,32375.0,28.8
54091,45400.0,16.0
54093,39539.0,16.2
54095,43951.0,16.0
54097,37896.0,22.7
54099,39355.0,20.4
54101,31446.0,28.1
54103,41882.0,20.6
54105,42330.0,19.2
54107,44742.0,18.2
54109,34603.0,25.7
55000,59300.0,11.3
55001,44767.0,14.8
55003,43784.0,15.1
55005,50940.0,13.1
55007,51120.0,12.3
55009,61240.0,9.7
55011,55297.0,9.4
55013,47727.0,12.7
55015,72309.0,5.4
55017,56678.0,10.1
55019,49718.0,11.8
55021,65931.0,7.6
55023,47341.0,12.4
55025,72385.0,11.3
55027,57862.0,8.6
55029,59956.0,7.7
55031,53091.0,11.6
55033,58902.0,11.6
55035,55418.0,14.5
55037,50284.0,12.1
55039,61591.0,8.6
55041,46137.0,15.1
55043,51157.0,13.6
55045,62456.0,8.0
55047,52917.0,10.0
55049,63476.0,8.7
55051,41251.0,15.1
55053,51131.0,13.3
55055,58759.0,8.5
55057,50931.0,14.8
55059,61312.0,11.4
55061,62107.0,8.0
55063,57145.0,12.0
55065,55586.0,10.9
55067,46910.0,14.0
55069,55564.0,10.3
55071,55741.0,9.2
55073,59302.0,10.0
55075,47449.0,13.3
55077,46901.0,12.8
55078,36936.0,27.6
55079,47795.0,19.1
55081,55690.0,11.4
55083,57860.0,9.0
55085,56170.0,9.4
55087,65945.0,7.1
55089,85098.0,4.9
55091,51544.0,10.7
55093,69271.0,7.8
55095,55180.0,9.3
55097,53883.0,11.9
55099,47302.0,11.3
55101,61118.0,10.9
55103,49092.0,13.1
55105,55905.0,12.1
55107,44780.0,14.7
55109,82253.0,4.5
55111,58372.0,9.9
55113,47183.0,17.0
55115,55546.0,11.6
55117,59231.0,7.8
55119,51038.0,10.4
55121,56051.0,8.8
55123,44444.0,17.0
55125,44740.0,13.9
55127,60675.0,10.6
55129,48139.0,12.8
55131,76551.0,5.3
55133,82627.0,4.8
55135,58474.0,10.6
55137,47653.0,12.2
55139,57529.0,11.1
55141,53346.0,10.7
56000,61279.0,10.8
56001,44745.0,19.5
56003,50380.0,12.2
56005,78240.0,9.4
56007,60634.0,11.9
56009,65469.0,9.2
56011,61664.0,7.7
56013,50134.0,16.2
56015,51023.0,12.9
56017,47775.0,12.1
56019,55412.0,9.5
56021,61658.0,9.7
56023,65137.0,7.6
56025,61049.0,11.1
56027,45768.0,13.4
56029,57619.0,9.4
56031,50775.0,10.4
56033,54482.0,9.1
56035,74811.0,6.6
56037,75590.0,10.0
56039,90145.0,5.8
56041,67404.0,10.2
56043,57989.0,10.7
56045,56214.0,10.6
72000,,
72001,,
72003,,
72005,,
72007,,
72009,,
72011,,
72013,,
72015,,
72017,,
72019,,
72021,,
72023,,
72025,,
72027,,
72029,,
72031,,
72033,,
72035,,
72037,,
72039,,
72041,,
72043,,
72045,,
72047,,
72049,,
72051,,
72053,,
72054,,
72055,,
72057,,
72059,,
72061,,
72063,,
72065,,
72067,,
72069,,
72071,,
72073,,
72075,,
72077,,
72079,,
72081,,
72083,,
72085,,
72087,,
72089,,
72091,,
72093,,
72095,,
72097,,
72099,,
72101,,
72103,,
72105,,
72107,,
72109,,
72111,,
72113,,
72115,,
72117,,
72119,,
72121,,
72123,,
72125,,
72127,,
72129,,
72131,,
72133,,
72135,,
72137,,
72139,,
72141,,
72143,,
72145,,
72147,,
72149,,
72151,,
72153,,
